Volume,Symbol,Adj_Close,High,Low,Date,Close,Open
19806100,TWTR,14.08,14.68,14.00,2016-05-12,14.08,14.63
13751000,TWTR,14.59,14.86,14.44,2016-05-11,14.59,14.61
14517700,TWTR,14.63,14.69,14.16,2016-05-10,14.63,14.17
11429700,TWTR,14.20,14.47,14.15,2016-05-09,14.20,14.28
20983000,TWTR,14.40,14.40,13.98,2016-05-06,14.40,14.12
28937300,TWTR,14.12,14.98,14.08,2016-05-05,14.12,14.93
41538800,TWTR,14.84,14.88,13.92,2016-05-04,14.84,13.95
25883700,TWTR,14.01,14.25,13.90,2016-05-03,14.01,14.22
26085300,TWTR,14.40,14.77,14.17,2016-05-02,14.40,14.73
26832900,TWTR,14.62,14.93,14.32,2016-04-29,14.62,14.70
34603000,TWTR,14.64,15.09,14.62,2016-04-28,14.64,14.85
84485800,TWTR,14.86,15.28,14.81,2016-04-27,14.86,15.15
34858300,TWTR,17.75,17.98,17.08,2016-04-26,17.75,17.209999
18931300,TWTR,17.09,17.75,16.879999,2016-04-25,17.09,17.200001
14830600,TWTR,17.23,17.51,17.02,2016-04-22,17.23,17.33
13518400,TWTR,17.51,17.77,17.42,2016-04-21,17.51,17.48
17712800,TWTR,17.40,17.52,16.90,2016-04-20,17.40,16.940001
24704200,TWTR,16.92,17.389999,16.68,2016-04-19,16.92,17.370001
17254700,TWTR,17.309999,17.719999,17.059999,2016-04-18,17.309999,17.709999
16324700,TWTR,17.58,17.91,17.309999,2016-04-15,17.58,17.52
16140400,TWTR,17.530001,17.700001,17.139999,2016-04-14,17.530001,17.379999
22617700,TWTR,17.370001,17.40,16.68,2016-04-13,17.370001,16.68
14862700,TWTR,16.57,16.77,16.15,2016-04-12,16.57,16.50
14154200,TWTR,16.51,16.98,16.41,2016-04-11,16.51,16.74
18636500,TWTR,16.65,17.25,16.41,2016-04-08,16.65,17.120001
23273700,TWTR,16.98,17.59,16.85,2016-04-07,16.98,16.879999
23100700,TWTR,17.26,17.48,16.90,2016-04-06,17.26,17.120001
41507900,TWTR,17.049999,17.83,16.889999,2016-04-05,17.049999,17.59
38201600,TWTR,17.09,17.540001,15.96,2016-04-04,17.09,16.00
20921700,TWTR,15.98,16.43,15.83,2016-04-01,15.98,16.41
18849100,TWTR,16.549999,16.84,16.209999,2016-03-31,16.549999,16.40
19294600,TWTR,16.360001,16.719999,16.01,2016-03-30,16.360001,16.16
16923700,TWTR,15.97,15.99,15.33,2016-03-29,15.97,15.69
14080300,TWTR,15.60,16.01,15.40,2016-03-28,15.60,15.98
14815800,TWTR,15.91,15.99,15.57,2016-03-24,15.91,15.94
17914400,TWTR,16.01,16.91,16.01,2016-03-23,16.01,16.860001
9539500,TWTR,16.860001,17.01,16.700001,2016-03-22,16.860001,16.75
12528900,TWTR,16.889999,17.049999,16.68,2016-03-21,16.889999,16.83
21075700,TWTR,16.85,17.379999,16.76,2016-03-18,16.85,17.08
17033600,TWTR,16.85,17.15,16.620001,2016-03-17,16.85,16.65
24662300,TWTR,16.700001,16.77,16.129999,2016-03-16,16.700001,16.33
19599200,TWTR,16.190001,17.040001,16.139999,2016-03-15,16.190001,17.00
16475700,TWTR,17.120001,17.32,16.790001,2016-03-14,17.120001,16.809999
21442200,TWTR,16.809999,16.940001,16.459999,2016-03-11,16.809999,16.77
33135200,TWTR,16.610001,17.77,16.379999,2016-03-10,16.610001,17.690001
21502300,TWTR,17.66,18.74,17.52,2016-03-09,17.66,18.610001
16345700,TWTR,18.33,19.15,18.33,2016-03-08,18.33,19.10
19693500,TWTR,19.17,19.73,18.77,2016-03-07,19.17,19.110001
30046400,TWTR,19.360001,20.32,19.059999,2016-03-04,19.360001,19.450001
23200100,TWTR,19.309999,19.440001,18.48,2016-03-03,19.309999,18.530001
17177200,TWTR,18.540001,18.74,17.719999,2016-03-02,18.540001,17.85
19299200,TWTR,17.85,18.48,17.59,2016-03-01,17.85,18.469999
17329000,TWTR,18.120001,18.57,17.780001,2016-02-29,18.120001,17.959999
16314100,TWTR,17.940001,18.030001,17.50,2016-02-26,17.940001,17.719999
22336600,TWTR,17.59,17.950001,17.309999,2016-02-25,17.59,17.93
26629600,TWTR,18.00,18.09,17.110001,2016-02-24,18.00,18.00
25683700,TWTR,18.299999,18.959999,18.10,2016-02-23,18.299999,18.559999
24926900,TWTR,18.299999,18.68,17.76,2016-02-22,18.299999,18.620001
23914800,TWTR,18.309999,18.879999,17.77,2016-02-19,18.309999,18.16
34447200,TWTR,18.43,18.549999,17.52,2016-02-18,18.43,18.10
25659200,TWTR,17.459999,17.60,16.43,2016-02-17,17.459999,16.469999
17193400,TWTR,16.360001,16.40,15.67,2016-02-16,16.360001,16.09
35538100,TWTR,15.88,15.94,14.53,2016-02-12,15.88,14.54
38371000,TWTR,14.31,14.79,13.91,2016-02-11,14.31,14.07
30722500,TWTR,14.98,15.28,14.52,2016-02-10,14.98,14.55
26408800,TWTR,14.40,15.55,14.31,2016-02-09,14.40,14.62
24818000,TWTR,14.90,15.55,14.73,2016-02-08,14.90,15.51
23996300,TWTR,15.72,16.639999,15.62,2016-02-05,15.72,16.610001
18125800,TWTR,16.91,17.18,16.290001,2016-02-04,16.91,16.40
24244900,TWTR,16.559999,16.74,15.55,2016-02-03,16.559999,16.33
31719200,TWTR,16.08,17.27,16.01,2016-02-02,16.08,17.219999
49860200,TWTR,17.91,18.77,17.299999,2016-02-01,17.91,17.889999
16817700,TWTR,16.799999,17.07,16.51,2016-01-29,16.799999,16.639999
16774600,TWTR,16.49,17.34,16.450001,2016-01-28,16.49,17.209999
16623700,TWTR,16.780001,17.620001,16.77,2016-01-27,16.780001,17.01
21998100,TWTR,17.01,17.280001,16.40,2016-01-26,17.01,17.219999
33559400,TWTR,17.02,17.450001,16.51,2016-01-25,17.02,16.799999
15543100,TWTR,17.84,18.559999,17.73,2016-01-22,17.84,18.290001
26275000,TWTR,17.83,18.32,16.799999,2016-01-21,17.83,17.440001
68953800,TWTR,17.379999,19.040001,15.48,2016-01-20,17.379999,16.16
23994100,TWTR,16.690001,18.18,16.43,2016-01-19,16.690001,18.18
24235100,TWTR,17.940001,18.530001,17.610001,2016-01-15,17.940001,18.23
37045300,TWTR,19.00,19.16,17.27,2016-01-14,19.00,18.549999
35742200,TWTR,18.68,19.76,18.469999,2016-01-13,18.68,19.700001
14601300,TWTR,19.620001,20.41,19.32,2016-01-12,19.620001,19.870001
21342100,TWTR,19.65,20.200001,19.26,2016-01-11,19.65,20.120001
21832300,TWTR,19.98,20.719999,19.60,2016-01-08,19.98,20.51
20759800,TWTR,20.26,21.48,20.200001,2016-01-07,20.26,21.00
13941700,TWTR,21.389999,22.18,21.18,2016-01-06,21.389999,21.620001
17077700,TWTR,21.92,23.00,21.85,2016-01-05,21.92,22.790001
15325000,TWTR,22.559999,22.84,22.110001,2016-01-04,22.559999,22.639999
19479400,TWTR,23.139999,23.280001,22.15,2015-12-31,23.139999,22.17
15323700,TWTR,22.23,22.940001,22.209999,2015-12-30,22.23,22.450001
11211100,TWTR,22.469999,22.82,22.309999,2015-12-29,22.469999,22.629999
13746500,TWTR,22.530001,23.32,22.50,2015-12-28,22.530001,22.90
7910500,TWTR,22.969999,23.059999,22.549999,2015-12-24,22.969999,22.700001
13167600,TWTR,22.67,22.950001,22.370001,2015-12-23,22.67,22.68
13696200,TWTR,22.559999,22.67,22.09,2015-12-22,22.559999,22.26
22910600,TWTR,22.139999,23.040001,21.99,2015-12-21,22.139999,23.02
23066200,TWTR,22.99,23.440001,22.66,2015-12-18,22.99,23.35
17879200,TWTR,23.309999,24.75,23.290001,2015-12-17,23.309999,24.469999
23971800,TWTR,24.299999,24.48,23.799999,2015-12-16,24.299999,23.959999
22998200,TWTR,23.950001,24.690001,23.700001,2015-12-15,23.950001,24.52
18053800,TWTR,24.92,24.940001,23.700001,2015-12-14,24.92,24.68
22861800,TWTR,24.84,26.200001,24.799999,2015-12-11,24.84,25.91
27945200,TWTR,25.91,26.25,24.34,2015-12-10,25.91,24.360001
14612000,TWTR,24.309999,24.98,24.190001,2015-12-09,24.309999,24.98
23543300,TWTR,24.99,25.10,23.540001,2015-12-08,24.99,24.040001
16809200,TWTR,24.459999,25.16,24.129999,2015-12-07,24.459999,24.99
16473500,TWTR,25.02,25.85,25.01,2015-12-04,25.02,25.809999
23772400,TWTR,25.90,26.059999,24.91,2015-12-03,25.90,25.48
11654300,TWTR,25.40,25.719999,25.17,2015-12-02,25.40,25.309999
14762800,TWTR,25.530001,25.58,25.00,2015-12-01,25.530001,25.389999
17159900,TWTR,25.40,25.82,25.059999,2015-11-30,25.40,25.780001
4179400,TWTR,25.75,26.07,25.67,2015-11-27,25.75,25.98
13067000,TWTR,26.059999,26.41,25.59,2015-11-25,26.059999,25.620001
10428500,TWTR,25.52,25.549999,25.02,2015-11-24,25.52,25.17
18169900,TWTR,25.200001,26.27,25.02,2015-11-23,25.200001,26.110001
10835300,TWTR,26.27,26.700001,26.030001,2015-11-20,26.27,26.32
14231900,TWTR,26.32,26.58,25.93,2015-11-19,26.32,25.940001
13976000,TWTR,25.90,26.09,25.16,2015-11-18,25.90,25.17
13259000,TWTR,25.23,25.690001,24.90,2015-11-17,25.23,25.540001
12262800,TWTR,25.41,25.780001,25.00,2015-11-16,25.41,25.33
14333800,TWTR,25.18,26.16,25.16,2015-11-13,25.18,25.889999
12580200,TWTR,26.129999,26.610001,25.85,2015-11-12,26.129999,26.08
12777200,TWTR,26.50,27.139999,26.370001,2015-11-11,26.50,27.08
16552100,TWTR,27.049999,27.17,26.25,2015-11-10,27.049999,26.809999
25624300,TWTR,27.09,28.209999,26.68,2015-11-09,27.09,28.07
13592100,TWTR,28.280001,28.700001,28.049999,2015-11-06,28.280001,28.58
15525300,TWTR,28.66,29.549999,28.450001,2015-11-05,28.66,29.469999
18787000,TWTR,29.360001,30.15,29.23,2015-11-04,29.360001,29.360001
16706000,TWTR,29.129999,29.629999,29.040001,2015-11-03,29.129999,29.09
18549700,TWTR,29.200001,29.290001,28.049999,2015-11-02,29.200001,28.540001
21933100,TWTR,28.459999,29.57,28.35,2015-10-30,28.459999,29.129999
33682800,TWTR,29.059999,30.700001,28.93,2015-10-29,29.059999,30.58
88974900,TWTR,30.870001,31.34,27.76,2015-10-28,30.870001,28.129999
44502900,TWTR,31.34,31.870001,30.65,2015-10-27,31.34,31.02
16787000,TWTR,30.889999,31.219999,30.48,2015-10-26,30.889999,30.629999
19855700,TWTR,30.280001,30.719999,29.610001,2015-10-23,30.280001,29.969999
17424000,TWTR,29.15,29.799999,28.74,2015-10-22,29.15,29.24
30359000,TWTR,29.299999,29.66,28.65,2015-10-21,29.299999,29.50
15824400,TWTR,30.91,31.389999,30.41,2015-10-20,30.91,30.940001
23958100,TWTR,30.91,31.60,30.57,2015-10-19,30.91,31.15
44564000,TWTR,31.15,31.40,29.360001,2015-10-16,31.15,30.08
15838900,TWTR,29.709999,30.280001,29.01,2015-10-15,29.709999,29.459999
27554400,TWTR,29.379999,29.82,28.379999,2015-10-14,29.379999,29.459999
45783200,TWTR,29.059999,30.68,28.84,2015-10-13,29.059999,29.549999
30619500,TWTR,28.75,30.77,28.60,2015-10-12,28.75,30.299999
27453600,TWTR,30.85,31.41,30.280001,2015-10-09,30.85,30.90
36431800,TWTR,30.32,31.50,29.030001,2015-10-08,30.32,29.57
34460700,TWTR,29.83,29.950001,28.01,2015-10-07,29.83,28.35
31294500,TWTR,27.620001,28.40,26.75,2015-10-06,27.620001,28.16
31012900,TWTR,28.15,28.25,26.33,2015-10-05,28.15,26.99
23542300,TWTR,26.309999,26.48,24.34,2015-10-02,26.309999,24.50
30953500,TWTR,24.68,26.84,24.65,2015-10-01,24.68,26.469999
25465000,TWTR,26.940001,27.33,25.879999,2015-09-30,26.940001,25.940001
13421600,TWTR,25.59,25.76,24.92,2015-09-29,25.59,25.23
17452800,TWTR,25.26,25.610001,24.60,2015-09-28,25.26,24.959999
14572000,TWTR,25.290001,26.91,25.139999,2015-09-25,25.290001,26.84
21349400,TWTR,26.60,26.639999,25.40,2015-09-24,26.60,26.51
10840000,TWTR,26.790001,27.280001,26.58,2015-09-23,26.790001,26.969999
13461300,TWTR,26.83,27.48,26.620001,2015-09-22,26.83,27.049999
10542000,TWTR,27.379999,28.09,27.190001,2015-09-21,27.379999,27.98
17505300,TWTR,27.959999,28.25,26.99,2015-09-18,27.959999,27.040001
13073200,TWTR,27.41,27.93,27.030001,2015-09-17,27.41,27.540001
13335400,TWTR,27.75,28.00,27.00,2015-09-16,27.75,27.139999
10166700,TWTR,27.17,27.549999,27.00,2015-09-15,27.17,27.040001
11564000,TWTR,26.90,27.549999,26.799999,2015-09-14,26.90,27.209999
8830100,TWTR,27.389999,27.65,27.17,2015-09-11,27.389999,27.629999
11240300,TWTR,27.709999,27.83,26.950001,2015-09-10,27.709999,27.07
19349900,TWTR,27.18,27.85,26.42,2015-09-09,27.18,27.17
19225500,TWTR,27.18,28.200001,27.01,2015-09-08,27.18,28.15
13537900,TWTR,28.15,28.549999,27.799999,2015-09-04,28.15,27.950001
21349200,TWTR,28.299999,29.00,27.809999,2015-09-03,28.299999,28.030001
14402000,TWTR,27.82,27.83,26.870001,2015-09-02,27.82,27.469999
21163500,TWTR,27.030001,28.120001,26.77,2015-09-01,27.030001,27.23
30752000,TWTR,27.790001,28.49,27.35,2015-08-31,27.790001,27.639999
12426200,TWTR,26.83,26.93,26.059999,2015-08-28,26.83,26.190001
22493000,TWTR,26.459999,26.799999,25.24,2015-08-27,26.459999,25.440001
20576600,TWTR,25.030001,25.290001,23.83,2015-08-26,25.030001,24.799999
19918700,TWTR,24.379999,26.33,24.379999,2015-08-25,24.379999,26.290001
30106400,TWTR,25.17,26.23,21.01,2015-08-24,25.17,23.610001
23733200,TWTR,25.870001,26.74,25.51,2015-08-21,25.870001,25.65
25257800,TWTR,26.00,27.48,25.92,2015-08-20,26.00,27.15
19964000,TWTR,27.610001,28.09,27.16,2015-08-19,27.610001,28.059999
9662800,TWTR,28.299999,29.00,28.299999,2015-08-18,28.299999,28.91
9557300,TWTR,29.059999,29.34,28.93,2015-08-17,29.059999,29.190001
16716300,TWTR,29.059999,29.27,28.450001,2015-08-14,29.059999,28.50
15004000,TWTR,28.540001,29.60,28.440001,2015-08-13,28.540001,29.60
18513100,TWTR,29.389999,29.50,28.51,2015-08-12,29.389999,29.110001
27827600,TWTR,29.620001,29.889999,28.530001,2015-08-11,29.620001,29.01
42547100,TWTR,29.50,29.629999,27.82,2015-08-10,29.50,28.09
18392600,TWTR,27.040001,27.90,26.870001,2015-08-07,27.040001,27.799999
27612200,TWTR,27.540001,28.43,27.23,2015-08-06,27.540001,28.40
21223300,TWTR,28.48,29.50,28.43,2015-08-05,28.48,29.41
21900300,TWTR,29.34,29.90,28.90,2015-08-04,29.34,29.110001
46637100,TWTR,29.27,31.09,28.690001,2015-08-03,29.27,30.85
18150300,TWTR,31.01,31.620001,30.85,2015-07-31,31.01,31.379999
29438800,TWTR,31.469999,31.83,31.049999,2015-07-30,31.469999,31.10
92939900,TWTR,31.24,33.240002,31.059999,2015-07-29,31.24,32.59
57688600,TWTR,36.540001,36.669998,34.139999,2015-07-28,36.540001,34.700001
24629100,TWTR,34.700001,35.150002,33.880001,2015-07-27,34.700001,35.110001
13000800,TWTR,35.419998,36.41,35.299999,2015-07-24,35.419998,36.41
10407800,TWTR,36.189999,36.73,35.950001,2015-07-23,36.189999,36.00
11772300,TWTR,36.09,36.369999,35.509998,2015-07-22,36.09,36.23
12536200,TWTR,36.630001,36.75,35.709999,2015-07-21,36.630001,35.82
9889700,TWTR,35.810001,35.990002,35.209999,2015-07-20,35.810001,35.75
12838500,TWTR,35.669998,36.66,35.599998,2015-07-17,35.669998,36.459999
11367700,TWTR,36.099998,36.450001,35.75,2015-07-16,36.099998,35.889999
18296800,TWTR,35.66,37.09,35.549999,2015-07-15,35.66,36.66
50102500,TWTR,36.720001,38.82,35.77,2015-07-14,36.720001,35.779999
17118200,TWTR,35.779999,36.139999,34.75,2015-07-13,35.779999,34.990002
10639700,TWTR,34.91,35.119999,34.459999,2015-07-10,34.91,34.68
14099300,TWTR,34.360001,35.43,34.310001,2015-07-09,34.360001,35.169998
15522300,TWTR,34.759998,36.049999,34.669998,2015-07-08,34.759998,35.41
14203200,TWTR,35.52,35.720001,34.549999,2015-07-07,35.52,35.349998
11325400,TWTR,35.43,35.689999,35.00,2015-07-06,35.43,35.169998
17664000,TWTR,35.720001,35.970001,35.099998,2015-07-02,35.720001,35.400002
23674600,TWTR,35.400002,36.110001,35.240002,2015-07-01,35.400002,36.049999
26095600,TWTR,36.220001,36.419998,34.439999,2015-06-30,36.220001,34.50
25220700,TWTR,34.209999,35.09,34.150002,2015-06-29,34.209999,34.470001
17388000,TWTR,35.259998,35.330002,34.669998,2015-06-26,35.259998,34.970001
10756800,TWTR,35.169998,35.360001,34.970001,2015-06-25,35.169998,35.360001
13021000,TWTR,35.169998,35.75,35.099998,2015-06-24,35.169998,35.400002
25891400,TWTR,35.369999,36.200001,34.959999,2015-06-23,35.369999,35.779999
21456400,TWTR,35.549999,36.00,35.34,2015-06-22,35.549999,35.950001
33674900,TWTR,35.860001,36.279999,34.849998,2015-06-19,35.860001,34.970001
19447100,TWTR,34.66,35.040001,34.450001,2015-06-18,34.66,34.630001
27278500,TWTR,34.689999,35.119999,34.169998,2015-06-17,34.689999,34.990002
49856100,TWTR,34.82,35.200001,33.509998,2015-06-16,34.82,34.23
32932100,TWTR,34.669998,35.259998,34.310001,2015-06-15,34.669998,35.240002
60914400,TWTR,35.900002,37.25,35.549999,2015-06-12,35.900002,36.900002
20547000,TWTR,35.84,36.169998,35.790001,2015-06-11,35.84,35.919998
12634800,TWTR,35.849998,36.169998,35.599998,2015-06-10,35.849998,36.009998
14034500,TWTR,35.880001,36.50,35.57,2015-06-09,35.880001,36.50
11767100,TWTR,36.459999,36.98,36.41,2015-06-08,36.459999,36.91
11854300,TWTR,37.00,37.23,36.650002,2015-06-05,37.00,36.790001
23762900,TWTR,36.709999,37.790001,36.509998,2015-06-04,36.709999,37.169998
14023500,TWTR,37.00,37.169998,36.48,2015-06-03,37.00,36.509998
13128300,TWTR,36.400002,36.599998,36.16,2015-06-02,36.400002,36.450001
10008300,TWTR,36.630001,36.830002,36.43,2015-06-01,36.630001,36.689999
16849100,TWTR,36.669998,37.07,36.529999,2015-05-29,36.669998,37.049999
17912100,TWTR,36.830002,37.330002,36.369999,2015-05-28,36.830002,36.490002
14463600,TWTR,36.41,36.650002,36.099998,2015-05-27,36.41,36.50
13068500,TWTR,36.509998,36.830002,36.369999,2015-05-26,36.509998,36.669998
9861800,TWTR,36.599998,36.98,36.57,2015-05-22,36.599998,36.700001
17447700,TWTR,36.68,36.939999,36.389999,2015-05-21,36.68,36.810001
23404500,TWTR,36.779999,37.939999,36.540001,2015-05-20,36.779999,37.490002
26942000,TWTR,37.50,37.880001,36.900002,2015-05-19,37.50,37.139999
11237300,TWTR,37.279999,37.57,36.900002,2015-05-18,37.279999,37.099998
16799100,TWTR,37.099998,37.799999,37.00,2015-05-15,37.099998,37.360001
14259600,TWTR,37.330002,38.09,37.27,2015-05-14,37.330002,37.93
14075300,TWTR,37.720001,38.200001,37.529999,2015-05-13,37.720001,37.66
11792900,TWTR,37.48,37.799999,37.060001,2015-05-12,37.48,37.290001
12329500,TWTR,37.310001,37.860001,37.200001,2015-05-11,37.310001,37.580002
14395800,TWTR,37.59,38.200001,37.549999,2015-05-08,37.59,38.02
21258800,TWTR,37.709999,37.880001,36.950001,2015-05-07,37.709999,37.240002
29107900,TWTR,37.259998,37.779999,36.52,2015-05-06,37.259998,37.689999
22605000,TWTR,37.419998,38.610001,37.360001,2015-05-05,37.419998,38.00
27622500,TWTR,37.880001,38.959999,37.549999,2015-05-04,37.880001,38.720001
37785500,TWTR,37.84,39.240002,37.369999,2015-05-01,37.84,39.189999
46651500,TWTR,38.959999,39.740002,38.48,2015-04-30,38.959999,39.279999
120488600,TWTR,38.490002,41.09,38.07,2015-04-29,38.490002,40.209999
77336600,TWTR,42.27,52.220001,38.380001,2015-04-28,42.27,52.16
23991900,TWTR,51.66,52.540001,50.82,2015-04-27,51.66,50.84
14896900,TWTR,50.82,51.959999,50.240002,2015-04-24,50.82,51.849998
11490400,TWTR,51.41,52.200001,51.220001,2015-04-23,51.41,51.869999
11479500,TWTR,51.73,52.09,51.32,2015-04-22,51.73,51.48
8461300,TWTR,51.32,51.849998,51.099998,2015-04-21,51.32,51.68
11004500,TWTR,51.400002,51.48,50.509998,2015-04-20,51.400002,51.07
16576000,TWTR,50.66,52.16,50.189999,2015-04-17,50.66,51.709999
14313300,TWTR,52.029999,52.34,51.139999,2015-04-16,52.029999,51.299999
13192100,TWTR,51.299999,51.869999,50.91,2015-04-15,51.299999,51.330002
12231600,TWTR,51.200001,51.810001,50.68,2015-04-14,51.200001,51.75
12306500,TWTR,51.619999,52.290001,51.450001,2015-04-13,51.619999,51.990002
13271200,TWTR,51.939999,52.450001,51.380001,2015-04-10,51.939999,52.290001
17877700,TWTR,52.169998,52.990002,51.540001,2015-04-09,52.169998,52.150002
22368900,TWTR,52.299999,53.490002,51.950001,2015-04-08,52.299999,53.32
37080800,TWTR,52.869999,53.279999,50.860001,2015-04-07,52.869999,51.009998
14539700,TWTR,50.84,51.16,49.869999,2015-04-06,50.84,50.029999
13423900,TWTR,50.419998,50.950001,49.880001,2015-04-02,50.419998,50.639999
24299200,TWTR,50.470001,51.689999,50.169998,2015-04-01,50.470001,51.00
23898400,TWTR,50.080002,51.240002,49.540001,2015-03-31,50.080002,49.619999
20365400,TWTR,49.889999,50.709999,48.66,2015-03-30,49.889999,50.450001
14852400,TWTR,50.009998,50.889999,49.939999,2015-03-27,50.009998,50.349998
24385800,TWTR,49.919998,50.900002,49.400002,2015-03-26,49.919998,49.650002
31694600,TWTR,49.50,51.869999,49.310001,2015-03-25,49.50,51.50
38181800,TWTR,51.470001,51.790001,48.540001,2015-03-24,51.470001,48.669998
16389800,TWTR,48.459999,49.25,47.869999,2015-03-23,48.459999,48.240002
18676500,TWTR,48.439999,49.150002,48.25,2015-03-20,48.439999,48.360001
15957100,TWTR,47.93,48.150002,46.450001,2015-03-19,47.93,46.959999
13115400,TWTR,47.200001,47.389999,46.16,2015-03-18,47.200001,46.75
13361300,TWTR,46.93,47.290001,46.439999,2015-03-17,46.93,46.66
10243200,TWTR,46.43,47.07,46.049999,2015-03-16,46.43,46.900002
13368100,TWTR,46.66,47.720001,46.450001,2015-03-13,46.66,46.939999
12204800,TWTR,47.07,47.32,46.509998,2015-03-12,47.07,46.57
12273800,TWTR,46.27,46.740002,45.130001,2015-03-11,46.27,45.66
17289900,TWTR,45.84,47.259998,45.790001,2015-03-10,45.84,47.23
13635900,TWTR,47.59,48.080002,47.130001,2015-03-09,47.59,47.220001
11534900,TWTR,46.75,48.07,46.57,2015-03-06,46.75,47.259998
13511900,TWTR,47.349998,48.43,47.200001,2015-03-05,47.349998,47.59
14290100,TWTR,47.57,47.849998,46.41,2015-03-04,47.57,47.509998
16754400,TWTR,47.709999,48.799999,47.439999,2015-03-03,47.709999,48.130001
13430900,TWTR,48.150002,48.299999,47.310001,2015-03-02,48.150002,48.259998
15004500,TWTR,48.080002,49.900002,47.959999,2015-02-27,48.080002,49.189999
22340900,TWTR,49.41,50.009998,48.639999,2015-02-26,49.41,48.810001
11663200,TWTR,48.549999,49.18,48.25,2015-02-25,48.549999,48.799999
11073700,TWTR,48.689999,49.299999,48.060001,2015-02-24,48.689999,48.330002
12541400,TWTR,48.470001,49.240002,48.349998,2015-02-23,48.470001,49.02
20755600,TWTR,49.110001,49.880001,48.650002,2015-02-20,49.110001,48.759998
18153400,TWTR,48.700001,48.939999,47.419998,2015-02-19,48.700001,47.84
15503100,TWTR,47.82,48.790001,47.360001,2015-02-18,47.82,48.00
16670200,TWTR,48.029999,49.09,47.889999,2015-02-17,48.029999,48.200001
20809600,TWTR,48.50,48.82,47.57,2015-02-13,48.50,47.93
23071600,TWTR,47.950001,48.450001,46.880001,2015-02-12,47.950001,47.98
24747000,TWTR,47.50,47.779999,46.110001,2015-02-11,47.50,46.27
32287800,TWTR,46.259998,47.389999,45.57,2015-02-10,46.259998,47.349998
36177900,TWTR,47.32,47.689999,46.50,2015-02-09,47.32,46.73
102669800,TWTR,48.009998,48.50,45.799999,2015-02-06,48.009998,46.119999
61997300,TWTR,41.259998,42.470001,40.91,2015-02-05,41.259998,42.040001
23116800,TWTR,40.720001,40.830002,39.82,2015-02-04,40.720001,40.049999
28395400,TWTR,39.790001,40.189999,37.689999,2015-02-03,39.790001,38.00
13895900,TWTR,37.459999,38.07,36.919998,2015-02-02,37.459999,37.700001
15390200,TWTR,37.529999,38.150002,36.41,2015-01-30,37.529999,36.650002
20088500,TWTR,36.68,37.57,36.07,2015-01-29,36.68,37.389999
22367600,TWTR,37.150002,38.779999,37.029999,2015-01-28,37.150002,38.43
15746400,TWTR,38.919998,39.610001,38.380001,2015-01-27,38.919998,39.560001
13838200,TWTR,40.099998,40.130001,39.040001,2015-01-26,40.099998,39.330002
16439200,TWTR,39.419998,39.970001,38.779999,2015-01-23,39.419998,39.48
20451700,TWTR,39.07,39.25,37.549999,2015-01-22,39.07,37.98
12181300,TWTR,37.830002,38.27,37.330002,2015-01-21,37.830002,37.650002
17641700,TWTR,37.57,38.139999,36.540001,2015-01-20,37.57,37.59
14966100,TWTR,37.310001,38.130001,36.849998,2015-01-16,37.310001,37.18
23042000,TWTR,36.93,39.700001,36.860001,2015-01-15,36.93,39.700001
16054700,TWTR,39.849998,40.18,38.799999,2015-01-14,39.849998,38.889999
18395500,TWTR,39.650002,40.349998,39.23,2015-01-13,39.650002,39.740002
27639000,TWTR,39.369999,40.950001,39.299999,2015-01-12,39.369999,40.279999
24738400,TWTR,40.169998,40.34,38.259998,2015-01-09,40.169998,39.220001
19190400,TWTR,39.09,39.189999,37.09,2015-01-08,39.09,37.419998
22675700,TWTR,37.279999,39.099998,37.060001,2015-01-07,37.279999,39.099998
33050800,TWTR,38.759998,39.450001,36.040001,2015-01-06,38.759998,36.27
15062700,TWTR,36.380001,37.110001,35.639999,2015-01-05,36.380001,36.259998
12062500,TWTR,36.560001,36.740002,35.540001,2015-01-02,36.560001,36.23
17650100,TWTR,35.869999,36.490002,35.470001,2014-12-31,35.869999,35.889999
19494600,TWTR,35.860001,36.240002,35.459999,2014-12-30,35.860001,36.02
13565400,TWTR,36.419998,37.509998,36.380001,2014-12-29,36.419998,37.389999
7324000,TWTR,37.599998,38.099998,37.540001,2014-12-26,37.599998,37.759998
6254200,TWTR,37.610001,38.349998,37.560001,2014-12-24,37.610001,37.669998
16858000,TWTR,37.57,39.25,37.459999,2014-12-23,37.57,38.580002
20079000,TWTR,38.43,38.82,37.310001,2014-12-22,38.43,37.50
16068700,TWTR,37.080002,37.450001,36.50,2014-12-19,37.080002,36.700001
19087500,TWTR,36.73,37.27,35.950001,2014-12-18,36.73,36.130001
18544800,TWTR,35.57,35.900002,34.950001,2014-12-17,35.57,35.560001
19241200,TWTR,35.130001,36.709999,35.09,2014-12-16,35.130001,36.50
16833000,TWTR,36.849998,38.380001,36.73,2014-12-15,36.849998,38.130001
15222500,TWTR,37.099998,37.709999,36.099998,2014-12-12,37.099998,36.310001
15707100,TWTR,36.700001,37.23,36.25,2014-12-11,36.700001,36.450001
16497700,TWTR,36.349998,37.779999,36.25,2014-12-10,36.349998,36.91
20542800,TWTR,37.049999,37.09,34.619999,2014-12-09,37.049999,34.970001
30112800,TWTR,36.290001,38.119999,35.75,2014-12-08,36.290001,38.080002
12587700,TWTR,38.490002,39.07,38.349998,2014-12-05,38.490002,38.970001
13012200,TWTR,38.790001,39.66,38.619999,2014-12-04,38.790001,38.799999
13241300,TWTR,39.060001,39.419998,38.380001,2014-12-03,39.060001,39.00
16394300,TWTR,38.91,39.400002,38.330002,2014-12-02,38.91,39.400002
22214000,TWTR,39.040001,41.290001,39.00,2014-12-01,39.040001,41.290001
11113900,TWTR,41.740002,42.080002,40.830002,2014-11-28,41.740002,41.09
23773300,TWTR,41.130001,41.560001,39.740002,2014-11-26,41.130001,39.830002
16165100,TWTR,39.759998,40.299999,39.560001,2014-11-25,39.759998,40.119999
15176000,TWTR,40.189999,40.470001,39.580002,2014-11-24,40.189999,39.990002
12066600,TWTR,40.029999,40.279999,39.799999,2014-11-21,40.029999,40.25
13717100,TWTR,39.810001,40.549999,39.32,2014-11-20,39.810001,39.490002
19050100,TWTR,39.709999,40.470001,39.209999,2014-11-19,39.709999,40.349998
18605000,TWTR,40.610001,41.169998,39.950001,2014-11-18,40.610001,40.689999
20665200,TWTR,40.470001,41.68,40.41,2014-11-17,40.470001,41.459999
33059800,TWTR,41.849998,41.849998,39.77,2014-11-14,41.849998,40.02
67287400,TWTR,40.040001,43.950001,39.950001,2014-11-13,40.040001,43.549999
51814100,TWTR,42.540001,42.939999,39.599998,2014-11-12,42.540001,39.939999
19176600,TWTR,39.59,39.84,38.810001,2014-11-11,39.59,39.310001
19069300,TWTR,39.59,40.689999,39.419998,2014-11-10,39.59,40.34
18558900,TWTR,40.310001,40.740002,39.700001,2014-11-07,40.310001,40.740002
16292100,TWTR,40.84,41.349998,40.099998,2014-11-06,40.84,40.189999
19742200,TWTR,40.369999,41.799999,40.130001,2014-11-05,40.369999,41.689999
19544300,TWTR,40.900002,41.099998,39.75,2014-11-04,40.900002,40.029999
31441900,TWTR,40.209999,41.200001,40.16,2014-11-03,40.209999,40.549999
23895100,TWTR,41.470001,42.849998,41.34,2014-10-31,41.470001,42.689999
42012600,TWTR,41.799999,42.48,39.939999,2014-10-30,41.799999,41.560001
40261900,TWTR,42.080002,44.16,41.810001,2014-10-29,42.080002,43.849998
83179400,TWTR,43.779999,44.580002,41.759998,2014-10-28,43.779999,42.25
51896300,TWTR,48.560001,50.240002,47.18,2014-10-27,48.560001,50.02
12035200,TWTR,49.950001,50.189999,49.150002,2014-10-24,49.950001,50.16
23099800,TWTR,49.669998,50.400002,49.200001,2014-10-23,49.669998,50.130001
26109900,TWTR,49.080002,51.84,49.00,2014-10-22,49.080002,51.130001
21351000,TWTR,50.630001,52.150002,50.299999,2014-10-21,50.630001,51.759998
17781100,TWTR,50.700001,50.889999,48.799999,2014-10-20,50.700001,49.07
24630600,TWTR,48.77,50.25,48.650002,2014-10-17,48.77,49.720001
30818800,TWTR,48.23,49.82,47.169998,2014-10-16,48.23,48.34
34371500,TWTR,49.990002,50.52,46.380001,2014-10-15,49.990002,47.110001
29723600,TWTR,48.580002,49.529999,47.080002,2014-10-14,48.580002,49.060001
35326800,TWTR,48.490002,51.91,48.259998,2014-10-13,48.490002,50.540001
46727300,TWTR,50.400002,55.66,50.299999,2014-10-10,50.400002,54.57
29741400,TWTR,55.290001,55.990002,54.919998,2014-10-09,55.290001,55.290001
31098500,TWTR,55.419998,55.669998,52.599998,2014-10-08,55.419998,53.619999
26082300,TWTR,53.529999,54.990002,53.099998,2014-10-07,53.529999,53.119999
20033400,TWTR,53.490002,54.450001,53.23,2014-10-06,53.490002,53.939999
31227200,TWTR,53.939999,54.73,52.110001,2014-10-03,53.939999,52.75
27056500,TWTR,51.849998,52.099998,50.009998,2014-10-02,51.849998,51.029999
24733500,TWTR,50.060001,51.290001,49.150002,2014-10-01,50.060001,51.080002
12315700,TWTR,51.580002,52.189999,51.169998,2014-09-30,51.580002,52.00
15404300,TWTR,51.740002,52.18,50.880001,2014-09-29,51.740002,51.09
14125300,TWTR,51.889999,52.610001,51.700001,2014-09-26,51.889999,51.970001
21071500,TWTR,51.450001,53.23,51.27,2014-09-25,51.450001,52.709999
17656100,TWTR,52.959999,53.34,52.130001,2014-09-24,52.959999,52.549999
19990500,TWTR,52.169998,52.560001,51.02,2014-09-23,52.169998,51.459999
21744400,TWTR,51.939999,52.900002,51.360001,2014-09-22,51.939999,52.380001
38192600,TWTR,53.00,53.00,50.18,2014-09-19,53.00,50.779999
22484800,TWTR,50.880001,51.880001,50.529999,2014-09-18,50.880001,50.970001
22874400,TWTR,50.700001,51.599998,50.16,2014-09-17,50.700001,50.970001
26744800,TWTR,50.830002,50.91,48.400002,2014-09-16,50.830002,48.700001
38374100,TWTR,49.380001,51.93,47.560001,2014-09-15,49.380001,51.599998
22986500,TWTR,52.110001,52.82,52.02,2014-09-12,52.110001,52.549999
38055400,TWTR,52.639999,53.639999,52.18,2014-09-11,52.639999,52.549999
38057700,TWTR,52.91,53.330002,51.849998,2014-09-10,52.91,52.110001
25034400,TWTR,50.610001,52.400002,50.220001,2014-09-09,50.610001,52.23
30836400,TWTR,52.00,52.68,51.68,2014-09-08,52.00,51.799999
20251400,TWTR,50.700001,50.880001,49.52,2014-09-05,50.700001,50.09
24413100,TWTR,50.240002,50.860001,49.220001,2014-09-04,50.240002,49.689999
34411200,TWTR,49.330002,51.849998,49.049999,2014-09-03,49.330002,51.830002
28267200,TWTR,51.02,51.34,49.900002,2014-09-02,51.02,50.02
31926900,TWTR,49.75,50.349998,49.130001,2014-08-29,49.75,49.889999
35076300,TWTR,49.43,49.880001,47.860001,2014-08-28,49.43,47.98
26127600,TWTR,48.060001,48.459999,47.18,2014-08-27,48.060001,48.240002
27716200,TWTR,48.169998,48.200001,46.040001,2014-08-26,48.169998,46.099998
17583500,TWTR,46.099998,46.360001,45.700001,2014-08-25,46.099998,46.220001
19429800,TWTR,45.98,46.139999,44.799999,2014-08-22,45.98,45.040001
10619300,TWTR,45.110001,45.349998,44.84,2014-08-21,45.110001,45.290001
10383200,TWTR,45.060001,45.209999,44.759998,2014-08-20,45.060001,44.93
11903400,TWTR,45.09,45.450001,45.029999,2014-08-19,45.09,45.240002
14835400,TWTR,45.119999,45.330002,44.77,2014-08-18,45.119999,45.060001
17776700,TWTR,44.759998,45.50,44.439999,2014-08-15,44.759998,45.470001
23638900,TWTR,45.330002,45.34,44.040001,2014-08-14,45.330002,44.400002
16180800,TWTR,44.150002,44.34,43.619999,2014-08-13,44.150002,44.119999
29582300,TWTR,43.810001,44.720001,43.610001,2014-08-12,43.810001,44.380001
18420300,TWTR,43.27,43.599998,42.709999,2014-08-11,43.27,43.48
14967900,TWTR,43.130001,43.360001,42.509998,2014-08-08,43.130001,43.02
25389100,TWTR,43.00,44.369999,42.889999,2014-08-07,43.00,43.369999
20355300,TWTR,43.459999,44.040001,42.75,2014-08-06,43.459999,43.389999
26404100,TWTR,43.830002,44.48,43.02,2014-08-05,43.830002,43.25
22425000,TWTR,43.470001,44.529999,43.439999,2014-08-04,43.470001,43.700001
37194800,TWTR,44.130001,45.540001,43.810001,2014-08-01,44.130001,45.009998
47170200,TWTR,45.189999,45.84,44.299999,2014-07-31,45.189999,44.619999
116195900,TWTR,46.299999,48.00,45.650002,2014-07-30,46.299999,47.009998
65338000,TWTR,38.59,38.919998,37.990002,2014-07-29,38.59,38.110001
16781700,TWTR,37.93,38.439999,37.560001,2014-07-28,37.93,38.299999
15980800,TWTR,38.16,38.799999,38.02,2014-07-25,38.16,38.200001
22105600,TWTR,38.709999,39.00,37.849998,2014-07-24,38.709999,38.709999
13220700,TWTR,37.75,38.189999,37.560001,2014-07-23,37.75,37.650002
16837800,TWTR,37.650002,38.599998,37.450001,2014-07-22,37.650002,38.310001
19685400,TWTR,38.049999,38.290001,36.849998,2014-07-21,38.049999,37.23
26435500,TWTR,37.049999,37.080002,35.950001,2014-07-18,37.049999,36.810001
22631500,TWTR,36.869999,37.169998,36.380001,2014-07-17,36.869999,36.799999
19726500,TWTR,37.43,38.52,37.099998,2014-07-16,37.43,38.310001
24630600,TWTR,37.880001,38.990002,37.619999,2014-07-15,37.880001,38.59
19705000,TWTR,38.310001,39.380001,38.200001,2014-07-14,38.310001,38.57
21084800,TWTR,38.330002,38.790001,38.00,2014-07-11,38.330002,38.150002
26549700,TWTR,37.84,38.099998,36.110001,2014-07-10,37.84,36.490002
26838300,TWTR,38.060001,38.349998,37.349998,2014-07-09,38.060001,37.82
49952000,TWTR,37.41,40.040001,36.84,2014-07-08,37.41,39.959999
21454500,TWTR,40.23,41.450001,40.139999,2014-07-07,40.23,41.080002
15795100,TWTR,41.330002,42.00,40.830002,2014-07-03,41.330002,41.939999
24377500,TWTR,41.77,42.830002,41.419998,2014-07-02,41.77,42.830002
36019300,TWTR,42.049999,42.950001,41.91,2014-07-01,42.049999,42.060001
22783000,TWTR,40.970001,41.34,40.349998,2014-06-30,40.970001,40.810001
48253400,TWTR,40.93,41.150002,40.110001,2014-06-27,40.93,40.700001
45348500,TWTR,41.439999,42.00,39.810001,2014-06-26,41.439999,40.049999
25457200,TWTR,39.459999,39.59,38.009998,2014-06-25,39.459999,38.240002
24477900,TWTR,38.48,39.639999,38.259998,2014-06-24,38.48,39.439999
22591300,TWTR,39.52,39.580002,38.73,2014-06-23,39.52,39.07
41501100,TWTR,39.240002,39.240002,37.77,2014-06-20,39.240002,38.82
24648300,TWTR,38.900002,39.299999,38.32,2014-06-19,38.900002,38.73
23707500,TWTR,38.740002,38.830002,37.75,2014-06-18,38.740002,38.16
30321500,TWTR,38.02,38.549999,37.299999,2014-06-17,38.02,38.029999
29889300,TWTR,38.02,38.169998,36.439999,2014-06-16,38.02,36.700001
29129900,TWTR,36.900002,37.25,35.900002,2014-06-13,36.900002,36.849998
58146100,TWTR,36.790001,37.27,35.060001,2014-06-12,36.790001,35.060001
30021300,TWTR,35.540001,35.970001,34.93,2014-06-11,35.540001,35.07
36503400,TWTR,35.369999,35.50,34.66,2014-06-10,35.369999,34.73
23397200,TWTR,34.470001,34.549999,33.09,2014-06-09,34.470001,33.240002
23353200,TWTR,33.330002,34.41,33.220001,2014-06-06,33.330002,34.139999
40904900,TWTR,33.889999,34.889999,33.110001,2014-06-05,33.889999,33.669998
24863000,TWTR,32.900002,33.32,31.85,2014-06-04,32.900002,32.490002
19948800,TWTR,32.580002,32.689999,31.65,2014-06-03,32.580002,31.73
31154200,TWTR,31.75,33.200001,31.620001,2014-06-02,31.75,32.889999
40566000,TWTR,32.439999,33.860001,32.110001,2014-05-30,32.439999,33.73
54016300,TWTR,34.00,35.139999,33.880001,2014-05-29,34.00,34.669998
60302800,TWTR,33.77,33.84,31.09,2014-05-28,33.77,31.50
25240100,TWTR,30.51,31.200001,30.379999,2014-05-27,30.51,30.940001
27448000,TWTR,30.50,31.68,30.450001,2014-05-23,30.50,31.51
35566200,TWTR,31.52,32.25,30.52,2014-05-22,31.52,31.33
15562600,TWTR,31.75,31.950001,31.15,2014-05-21,31.75,31.85
16580500,TWTR,31.77,32.389999,31.52,2014-05-20,31.77,32.00
15952800,TWTR,32.07,32.439999,31.639999,2014-05-19,32.07,32.049999
21391400,TWTR,32.259998,33.209999,32.02,2014-05-16,32.259998,32.950001
22030500,TWTR,32.77,33.290001,32.16,2014-05-15,32.77,33.02
20029400,TWTR,32.849998,33.830002,32.619999,2014-05-14,32.849998,33.349998
24676800,TWTR,33.389999,34.060001,32.889999,2014-05-13,33.389999,33.84
34712700,TWTR,33.939999,34.099998,32.400002,2014-05-12,33.939999,33.080002
31888800,TWTR,32.049999,33.110001,31.75,2014-05-09,32.049999,32.23
51282800,TWTR,31.959999,32.98,31.129999,2014-05-08,31.959999,31.48
68876300,TWTR,30.66,32.00,29.51,2014-05-07,30.66,31.969999
134710000,TWTR,31.85,36.099998,31.719999,2014-05-06,31.85,35.610001
10405200,TWTR,38.75,39.599998,38.049999,2014-05-05,38.75,38.52
12729500,TWTR,39.02,39.860001,38.700001,2014-05-02,39.02,39.200001
15759800,TWTR,39.09,40.77,38.970001,2014-05-01,39.09,39.009998
38397900,TWTR,38.970001,38.98,37.240002,2014-04-30,38.970001,37.66
28127700,TWTR,42.619999,43.970001,40.169998,2014-04-29,42.619999,40.529999
14358900,TWTR,40.73,42.349998,39.299999,2014-04-28,40.73,41.759998
13712400,TWTR,41.610001,44.439999,41.310001,2014-04-25,41.610001,44.290001
11011700,TWTR,44.82,46.790001,43.630001,2014-04-24,44.82,46.709999
7340200,TWTR,45.950001,46.169998,44.869999,2014-04-23,45.950001,45.880001
6996900,TWTR,46.02,47.09,45.799999,2014-04-22,46.02,46.23
6921200,TWTR,46.130001,46.299999,44.639999,2014-04-21,46.130001,44.959999
12304400,TWTR,45.009998,46.549999,43.91,2014-04-17,45.009998,44.66
13919600,TWTR,44.419998,45.560001,43.540001,2014-04-16,44.419998,45.419998
24285100,TWTR,45.52,45.549999,40.759998,2014-04-15,45.52,41.279999
10414200,TWTR,40.869999,41.950001,40.119999,2014-04-14,40.869999,41.400002
9999700,TWTR,40.049999,41.099998,39.68,2014-04-11,40.049999,40.790001
10720900,TWTR,41.34,43.25,40.93,2014-04-10,41.34,42.849998
14330700,TWTR,42.490002,43.060001,41.77,2014-04-09,42.490002,42.23
14514500,TWTR,41.779999,43.419998,41.549999,2014-04-08,41.779999,43.419998
12053000,TWTR,42.450001,44.599998,42.259998,2014-04-07,42.450001,42.869999
13824400,TWTR,43.139999,44.869999,42.369999,2014-04-04,43.139999,44.200001
11175800,TWTR,44.049999,45.610001,43.380001,2014-04-03,44.049999,45.48
7911300,TWTR,45.73,47.439999,45.509998,2014-04-02,45.73,47.400002
6916100,TWTR,46.98,47.59,46.18,2014-04-01,46.98,46.709999
5794500,TWTR,46.669998,47.75,46.43,2014-03-31,46.669998,47.549999
9610500,TWTR,47.299999,47.34,45.700001,2014-03-28,47.299999,46.650002
15507600,TWTR,46.32,46.400002,43.310001,2014-03-27,46.32,45.09
16079700,TWTR,44.43,48.299999,44.25,2014-03-26,44.43,48.060001
8225600,TWTR,47.880001,49.700001,47.580002,2014-03-25,47.880001,49.349998
12325700,TWTR,48.77,50.939999,47.77,2014-03-24,48.77,50.689999
11801400,TWTR,50.919998,50.919998,49.509998,2014-03-21,50.919998,50.240002
10086200,TWTR,50.119999,51.66,49.639999,2014-03-20,50.119999,51.00
7624200,TWTR,51.240002,51.98,50.709999,2014-03-19,51.240002,50.799999
12228900,TWTR,51.130001,52.209999,50.290001,2014-03-18,51.130001,52.029999
6600900,TWTR,52.049999,52.490002,51.349998,2014-03-17,52.049999,52.080002
9570400,TWTR,51.919998,53.91,51.799999,2014-03-14,51.919998,53.400002
7671500,TWTR,53.57,55.450001,53.200001,2014-03-13,53.57,54.900002
5818400,TWTR,54.50,55.299999,53.880001,2014-03-12,54.50,54.25
11762600,TWTR,54.02,55.84,53.799999,2014-03-11,54.02,54.16
5759600,TWTR,53.880001,54.59,53.380001,2014-03-10,53.880001,54.09
7311500,TWTR,53.529999,55.200001,53.310001,2014-03-07,53.529999,55.18
9005700,TWTR,54.830002,56.09,54.700001,2014-03-06,54.830002,54.91
5672000,TWTR,54.380001,55.029999,53.75,2014-03-05,54.380001,54.529999
6706300,TWTR,54.279999,55.279999,54.119999,2014-03-04,54.279999,54.25
9602300,TWTR,53.709999,54.400002,52.900002,2014-03-03,53.709999,53.889999
8137200,TWTR,54.91,56.00,54.130001,2014-02-28,54.91,55.93
6537700,TWTR,55.77,56.689999,55.400002,2014-02-27,55.77,56.34
12116000,TWTR,55.869999,56.990002,54.900002,2014-02-26,55.869999,55.00
9288500,TWTR,54.959999,55.950001,54.50,2014-02-25,54.959999,55.889999
8451200,TWTR,55.779999,56.490002,55.299999,2014-02-24,55.779999,56.029999
7714300,TWTR,55.919998,57.200001,55.700001,2014-02-21,55.919998,57.099998
12097500,TWTR,56.630001,57.080002,54.650002,2014-02-20,56.630001,55.82
25772100,TWTR,55.50,58.950001,54.619999,2014-02-19,55.50,58.470001
10719500,TWTR,58.18,58.639999,56.77,2014-02-18,58.18,57.880001
12512400,TWTR,57.439999,57.860001,56.700001,2014-02-14,57.439999,57.02
26009500,TWTR,56.470001,58.98,55.459999,2014-02-13,56.470001,56.07
20040400,TWTR,56.849998,57.00,54.759998,2014-02-12,56.849998,55.049999
13162900,TWTR,54.00,54.400002,53.099998,2014-02-11,54.00,53.200001
15857400,TWTR,52.919998,54.59,52.34,2014-02-10,52.919998,54.50
32204400,TWTR,54.349998,54.919998,50.75,2014-02-07,54.349998,51.23
64856500,TWTR,50.029999,53.900002,49.990002,2014-02-06,50.029999,50.610001
31504900,TWTR,65.970001,67.239998,64.800003,2014-02-05,65.970001,67.160004
13017400,TWTR,66.32,66.370003,64.50,2014-02-04,66.32,66.25
17890300,TWTR,65.25,66.480003,64.209999,2014-02-03,65.25,65.919998
15498800,TWTR,64.50,65.370003,62.650002,2014-01-31,64.50,63.389999
17424300,TWTR,63.470001,65.239998,62.799999,2014-01-30,63.470001,63.98
9140000,TWTR,59.450001,60.950001,58.599998,2014-01-29,59.450001,59.619999
9346800,TWTR,60.439999,60.849998,57.349998,2014-01-28,60.439999,57.439999
18982700,TWTR,57.91,61.77,56.099998,2014-01-27,57.91,61.77
12942200,TWTR,61.740002,63.619999,61.299999,2014-01-24,61.740002,62.169998
10183700,TWTR,62.799999,62.810001,60.880001,2014-01-23,62.799999,61.450001
12039000,TWTR,62.439999,63.799999,61.759998,2014-01-22,62.439999,63.110001
13733200,TWTR,62.529999,63.439999,61.50,2014-01-21,62.529999,63.330002
28391100,TWTR,62.200001,64.690002,61.59,2014-01-17,62.200001,63.599998
16589400,TWTR,60.57,62.400002,60.459999,2014-01-16,60.57,61.450001
21537300,TWTR,61.57,61.75,58.32,2014-01-15,61.57,59.110001
14778000,TWTR,58.209999,59.02,57.360001,2014-01-14,58.209999,58.880001
20978100,TWTR,57.82,60.380001,57.290001,2014-01-13,57.82,59.98
22375900,TWTR,57.00,58.759998,55.869999,2014-01-10,57.00,57.50
31092100,TWTR,57.049999,60.810001,55.59,2014-01-09,57.049999,59.540001
27263200,TWTR,59.290001,61.259998,57.919998,2014-01-08,59.290001,58.709999
31748400,TWTR,61.459999,67.730003,61.389999,2014-01-07,61.459999,67.669998
27243700,TWTR,66.290001,66.870003,63.50,2014-01-06,66.290001,64.830002
33207200,TWTR,69.00,70.43,68.43,2014-01-03,69.00,69.00
29246400,TWTR,67.50,67.50,64.400002,2014-01-02,67.50,65.00
27814600,TWTR,63.650002,65.220001,61.650002,2013-12-31,63.650002,62.360001
55538300,TWTR,60.509998,63.709999,58.57,2013-12-30,60.509998,60.27
60418700,TWTR,63.75,71.25,63.689999,2013-12-27,63.75,70.099998
82761100,TWTR,73.309998,74.730003,69.129997,2013-12-26,73.309998,72.879997
35802700,TWTR,69.959999,70.870003,65.559998,2013-12-24,69.959999,66.339996
22163800,TWTR,64.540001,64.989998,59.700001,2013-12-23,64.540001,59.849998
26207400,TWTR,60.009998,60.25,58.009998,2013-12-20,60.009998,58.509998
13152500,TWTR,57.490002,57.75,55.00,2013-12-19,57.490002,55.080002
16659800,TWTR,55.509998,57.00,54.23,2013-12-18,55.509998,57.00
22115200,TWTR,56.450001,57.380001,54.619999,2013-12-17,56.450001,56.970001
39310800,TWTR,56.610001,60.240002,55.759998,2013-12-16,56.610001,57.860001
38979600,TWTR,59.00,59.41,55.450001,2013-12-13,59.00,56.200001
23446900,TWTR,55.330002,55.869999,50.689999,2013-12-12,55.330002,52.200001
26631500,TWTR,52.34,53.869999,51.00,2013-12-11,52.34,52.400002
25792000,TWTR,51.990002,52.580002,48.700001,2013-12-10,51.990002,48.900002
17366600,TWTR,49.139999,49.84,45.02,2013-12-09,49.139999,45.59
6230000,TWTR,44.950001,45.799999,44.540001,2013-12-06,44.950001,45.75
11729400,TWTR,45.619999,46.349998,42.830002,2013-12-05,45.619999,43.450001
11014900,TWTR,43.689999,43.919998,41.27,2013-12-04,43.689999,41.27
5771000,TWTR,41.369999,41.599998,40.540001,2013-12-03,41.369999,40.689999
6424300,TWTR,40.779999,42.00,40.400002,2013-12-02,40.779999,41.790001
4107000,TWTR,41.57,41.580002,40.900002,2013-11-29,41.57,41.400002
5536300,TWTR,40.900002,41.400002,40.349998,2013-11-27,40.900002,40.470001
9828400,TWTR,40.18,40.549999,38.919998,2013-11-26,40.18,39.16
14333300,TWTR,39.060001,41.139999,38.799999,2013-11-25,39.060001,41.080002
6185200,TWTR,41.00,42.279999,40.970001,2013-11-22,41.00,41.810001
8324700,TWTR,42.060001,42.490002,40.369999,2013-11-21,42.060001,41.25
5767300,TWTR,41.049999,41.75,40.509998,2013-11-20,41.049999,41.400002
7436600,TWTR,41.75,41.900002,40.00,2013-11-19,41.75,41.389999
12810600,TWTR,41.139999,43.950001,40.849998,2013-11-18,41.139999,43.50
8010600,TWTR,43.98,45.27,43.43,2013-11-15,43.98,45.25
11099400,TWTR,44.689999,45.669998,42.240002,2013-11-14,44.689999,42.34
8688300,TWTR,42.599998,42.869999,40.759998,2013-11-13,42.599998,41.029999
6316700,TWTR,41.900002,43.779999,41.830002,2013-11-12,41.900002,43.66
16113900,TWTR,42.900002,43.00,39.400002,2013-11-11,42.900002,40.50
27925300,TWTR,41.650002,46.939999,40.689999,2013-11-08,41.650002,45.93
117701600,TWTR,44.900002,50.09,44.00,2013-11-07,44.900002,45.099998
