Symbol,Date,High
MSFT,2016-05-12,56.849998
MSFT,2016-05-11,56.849998
MSFT,2016-05-10,56.849998
MSFT,2016-05-09,56.849998
MSFT,2016-05-06,56.849998
MSFT,2016-05-05,56.849998
MSFT,2016-05-04,56.849998
MSFT,2016-05-03,56.849998
MSFT,2016-05-02,56.849998
MSFT,2016-04-29,56.849998
MSFT,2016-04-28,56.849998
MSFT,2016-04-27,56.849998
MSFT,2016-04-26,56.849998
MSFT,2016-04-25,56.849998
MSFT,2016-04-22,56.849998
MSFT,2016-04-21,56.849998
MSFT,2016-04-20,56.849998
MSFT,2016-04-19,56.849998
MSFT,2016-04-18,56.849998
MSFT,2016-04-15,56.849998
MSFT,2016-04-14,56.849998
MSFT,2016-04-13,56.849998
MSFT,2016-04-12,56.849998
MSFT,2016-04-11,56.849998
MSFT,2016-04-08,56.849998
MSFT,2016-04-07,56.849998
MSFT,2016-04-06,56.849998
MSFT,2016-04-05,56.849998
MSFT,2016-04-04,56.849998
MSFT,2016-04-01,56.849998
MSFT,2016-03-31,56.849998
MSFT,2016-03-30,56.849998
MSFT,2016-03-29,56.849998
MSFT,2016-03-28,56.849998
MSFT,2016-03-24,56.849998
MSFT,2016-03-23,56.849998
MSFT,2016-03-22,56.849998
MSFT,2016-03-21,56.849998
MSFT,2016-03-18,56.849998
MSFT,2016-03-17,56.849998
MSFT,2016-03-16,56.849998
MSFT,2016-03-15,56.849998
MSFT,2016-03-14,56.849998
MSFT,2016-03-11,56.849998
MSFT,2016-03-10,56.849998
MSFT,2016-03-09,56.849998
MSFT,2016-03-08,56.849998
MSFT,2016-03-07,56.849998
MSFT,2016-03-04,56.849998
MSFT,2016-03-03,56.849998
MSFT,2016-03-02,56.849998
MSFT,2016-03-01,56.849998
MSFT,2016-02-29,56.849998
MSFT,2016-02-26,56.849998
MSFT,2016-02-25,56.849998
MSFT,2016-02-24,56.849998
MSFT,2016-02-23,56.849998
MSFT,2016-02-22,56.849998
MSFT,2016-02-19,56.849998
MSFT,2016-02-18,56.849998
MSFT,2016-02-17,56.849998
MSFT,2016-02-16,56.849998
MSFT,2016-02-12,56.849998
MSFT,2016-02-11,56.849998
MSFT,2016-02-10,56.849998
MSFT,2016-02-09,56.849998
MSFT,2016-02-08,56.849998
MSFT,2016-02-05,56.849998
MSFT,2016-02-04,56.849998
MSFT,2016-02-03,56.849998
MSFT,2016-02-02,56.849998
MSFT,2016-02-01,56.849998
MSFT,2016-01-29,56.849998
MSFT,2016-01-28,56.849998
MSFT,2016-01-27,56.849998
MSFT,2016-01-26,56.849998
MSFT,2016-01-25,56.849998
MSFT,2016-01-22,56.849998
MSFT,2016-01-21,56.849998
MSFT,2016-01-20,56.849998
MSFT,2016-01-19,56.849998
MSFT,2016-01-15,56.849998
MSFT,2016-01-14,56.849998
MSFT,2016-01-13,56.849998
MSFT,2016-01-12,56.849998
MSFT,2016-01-11,56.849998
MSFT,2016-01-08,56.849998
MSFT,2016-01-07,56.849998
MSFT,2016-01-06,56.849998
MSFT,2016-01-05,56.849998
MSFT,2016-01-04,56.849998
MSFT,2015-12-31,56.849998
MSFT,2015-12-30,56.849998
MSFT,2015-12-29,56.790001
MSFT,2015-12-28,56.790001
MSFT,2015-12-24,56.790001
MSFT,2015-12-23,56.790001
MSFT,2015-12-22,56.790001
MSFT,2015-12-21,56.790001
MSFT,2015-12-18,56.790001
MSFT,2015-12-17,56.25
MSFT,2015-12-16,56.23
MSFT,2015-12-15,56.23
MSFT,2015-12-14,56.23
MSFT,2015-12-11,56.23
MSFT,2015-12-10,56.23
MSFT,2015-12-09,56.23
MSFT,2015-12-08,56.23
MSFT,2015-12-07,56.23
MSFT,2015-12-04,55.959999
MSFT,2015-12-03,55.959999
MSFT,2015-12-02,55.23
MSFT,2015-12-01,54.98
MSFT,2015-11-30,54.98
MSFT,2015-11-27,54.98
MSFT,2015-11-25,54.98
MSFT,2015-11-24,54.98
MSFT,2015-11-23,54.98
MSFT,2015-11-20,54.98
MSFT,2015-11-19,54.98
MSFT,2015-11-18,54.98
MSFT,2015-11-17,54.98
MSFT,2015-11-16,54.98
MSFT,2015-11-13,54.98
MSFT,2015-11-12,54.98
MSFT,2015-11-11,54.98
MSFT,2015-11-10,54.98
MSFT,2015-11-09,54.98
MSFT,2015-11-06,54.880001
MSFT,2015-11-05,54.880001
MSFT,2015-11-04,54.389999
MSFT,2015-11-03,54.369999
MSFT,2015-11-02,54.369999
MSFT,2015-10-30,54.369999
MSFT,2015-10-29,54.369999
MSFT,2015-10-28,54.369999
MSFT,2015-10-27,54.32
MSFT,2015-10-26,54.07
MSFT,2015-10-23,50.049999
MSFT,2015-10-22,50.049999
MSFT,2015-10-21,50.049999
MSFT,2015-10-20,50.049999
MSFT,2015-10-19,50.049999
MSFT,2015-10-16,50.049999
MSFT,2015-10-15,50.049999
MSFT,2015-10-14,50.049999
MSFT,2015-10-13,50.049999
MSFT,2015-10-12,50.049999
MSFT,2015-10-09,50.049999
MSFT,2015-10-08,50.049999
MSFT,2015-10-07,50.049999
MSFT,2015-10-06,50.049999
MSFT,2015-10-05,50.049999
MSFT,2015-10-02,50.049999
MSFT,2015-10-01,50.049999
MSFT,2015-09-30,50.049999
MSFT,2015-09-29,50.049999
MSFT,2015-09-28,50.049999
MSFT,2015-09-25,50.049999
MSFT,2015-09-24,50.049999
MSFT,2015-09-23,50.049999
MSFT,2015-09-22,50.049999
MSFT,2015-09-21,50.049999
MSFT,2015-09-18,50.049999
MSFT,2015-09-17,50.049999
MSFT,2015-09-16,50.049999
MSFT,2015-09-15,50.049999
MSFT,2015-09-14,50.049999
MSFT,2015-09-11,50.049999
MSFT,2015-09-10,50.049999
MSFT,2015-09-09,50.049999
MSFT,2015-09-08,50.049999
MSFT,2015-09-04,50.049999
MSFT,2015-09-03,50.049999
MSFT,2015-09-02,50.049999
MSFT,2015-09-01,50.049999
MSFT,2015-08-31,50.049999
MSFT,2015-08-28,50.049999
MSFT,2015-08-27,50.049999
MSFT,2015-08-26,50.049999
MSFT,2015-08-25,50.049999
MSFT,2015-08-24,50.049999
MSFT,2015-08-21,50.049999
MSFT,2015-08-20,50.049999
MSFT,2015-08-19,50.049999
MSFT,2015-08-18,50.049999
MSFT,2015-08-17,50.049999
MSFT,2015-08-14,50.049999
MSFT,2015-08-13,50.049999
MSFT,2015-08-12,50.049999
MSFT,2015-08-11,50.049999
MSFT,2015-08-10,50.049999
MSFT,2015-08-07,50.049999
MSFT,2015-08-06,50.049999
MSFT,2015-08-05,50.049999
MSFT,2015-08-04,50.049999
MSFT,2015-08-03,50.049999
MSFT,2015-07-31,50.049999
MSFT,2015-07-30,50.049999
MSFT,2015-07-29,50.049999
MSFT,2015-07-28,50.049999
MSFT,2015-07-27,50.049999
MSFT,2015-07-24,50.049999
MSFT,2015-07-23,50.049999
MSFT,2015-07-22,50.049999
MSFT,2015-07-21,50.049999
MSFT,2015-07-20,50.049999
MSFT,2015-07-17,50.049999
MSFT,2015-07-16,50.049999
MSFT,2015-07-15,50.049999
MSFT,2015-07-14,50.049999
MSFT,2015-07-13,50.049999
MSFT,2015-07-10,50.049999
MSFT,2015-07-09,50.049999
MSFT,2015-07-08,50.049999
MSFT,2015-07-07,50.049999
MSFT,2015-07-06,50.049999
MSFT,2015-07-02,50.049999
MSFT,2015-07-01,50.049999
MSFT,2015-06-30,50.049999
MSFT,2015-06-29,50.049999
MSFT,2015-06-26,50.049999
MSFT,2015-06-25,50.049999
MSFT,2015-06-24,50.049999
MSFT,2015-06-23,50.049999
MSFT,2015-06-22,50.049999
MSFT,2015-06-19,50.049999
MSFT,2015-06-18,50.049999
MSFT,2015-06-17,50.049999
MSFT,2015-06-16,50.049999
MSFT,2015-06-15,50.049999
MSFT,2015-06-12,50.049999
MSFT,2015-06-11,50.049999
MSFT,2015-06-10,50.049999
MSFT,2015-06-09,50.049999
MSFT,2015-06-08,50.049999
MSFT,2015-06-05,50.049999
MSFT,2015-06-04,50.049999
MSFT,2015-06-03,50.049999
MSFT,2015-06-02,50.049999
MSFT,2015-06-01,50.049999
MSFT,2015-05-29,50.049999
MSFT,2015-05-28,50.049999
MSFT,2015-05-27,50.049999
MSFT,2015-05-26,50.049999
MSFT,2015-05-22,50.049999
MSFT,2015-05-21,50.049999
MSFT,2015-05-20,50.049999
MSFT,2015-05-19,50.049999
MSFT,2015-05-18,50.049999
MSFT,2015-05-15,50.049999
MSFT,2015-05-14,50.049999
MSFT,2015-05-13,50.049999
MSFT,2015-05-12,50.049999
MSFT,2015-05-11,50.049999
MSFT,2015-05-08,50.049999
MSFT,2015-05-07,50.049999
MSFT,2015-05-06,50.049999
MSFT,2015-05-05,50.049999
MSFT,2015-05-04,50.049999
MSFT,2015-05-01,50.049999
MSFT,2015-04-30,50.049999
MSFT,2015-04-29,50.049999
MSFT,2015-04-28,50.049999
MSFT,2015-04-27,50.049999
MSFT,2015-04-24,50.049999
MSFT,2015-04-23,50.049999
MSFT,2015-04-22,50.049999
MSFT,2015-04-21,50.049999
MSFT,2015-04-20,50.049999
MSFT,2015-04-17,50.049999
MSFT,2015-04-16,50.049999
MSFT,2015-04-15,50.049999
MSFT,2015-04-14,50.049999
MSFT,2015-04-13,50.049999
MSFT,2015-04-10,50.049999
MSFT,2015-04-09,50.049999
MSFT,2015-04-08,50.049999
MSFT,2015-04-07,50.049999
MSFT,2015-04-06,50.049999
MSFT,2015-04-02,50.049999
MSFT,2015-04-01,50.049999
MSFT,2015-03-31,50.049999
MSFT,2015-03-30,50.049999
MSFT,2015-03-27,50.049999
MSFT,2015-03-26,50.049999
MSFT,2015-03-25,50.049999
MSFT,2015-03-24,50.049999
MSFT,2015-03-23,50.049999
MSFT,2015-03-20,50.049999
MSFT,2015-03-19,50.049999
MSFT,2015-03-18,50.049999
MSFT,2015-03-17,50.049999
MSFT,2015-03-16,50.049999
MSFT,2015-03-13,50.049999
MSFT,2015-03-12,50.049999
MSFT,2015-03-11,50.049999
MSFT,2015-03-10,50.049999
MSFT,2015-03-09,50.049999
MSFT,2015-03-06,50.049999
MSFT,2015-03-05,50.049999
MSFT,2015-03-04,50.049999
MSFT,2015-03-03,50.049999
MSFT,2015-03-02,50.049999
MSFT,2015-02-27,50.049999
MSFT,2015-02-26,50.049999
MSFT,2015-02-25,50.049999
MSFT,2015-02-24,50.049999
MSFT,2015-02-23,50.049999
MSFT,2015-02-20,50.049999
MSFT,2015-02-19,50.049999
MSFT,2015-02-18,50.049999
MSFT,2015-02-17,50.049999
MSFT,2015-02-13,50.049999
MSFT,2015-02-12,50.049999
MSFT,2015-02-11,50.049999
MSFT,2015-02-10,50.049999
MSFT,2015-02-09,50.049999
MSFT,2015-02-06,50.049999
MSFT,2015-02-05,50.049999
MSFT,2015-02-04,50.049999
MSFT,2015-02-03,50.049999
MSFT,2015-02-02,50.049999
MSFT,2015-01-30,50.049999
MSFT,2015-01-29,50.049999
MSFT,2015-01-28,50.049999
MSFT,2015-01-27,50.049999
MSFT,2015-01-26,50.049999
MSFT,2015-01-23,50.049999
MSFT,2015-01-22,50.049999
MSFT,2015-01-21,50.049999
MSFT,2015-01-20,50.049999
MSFT,2015-01-16,50.049999
MSFT,2015-01-15,50.049999
MSFT,2015-01-14,50.049999
MSFT,2015-01-13,50.049999
MSFT,2015-01-12,50.049999
MSFT,2015-01-09,50.049999
MSFT,2015-01-08,50.049999
MSFT,2015-01-07,50.049999
MSFT,2015-01-06,50.049999
MSFT,2015-01-05,50.049999
MSFT,2015-01-02,50.049999
MSFT,2014-12-31,50.049999
MSFT,2014-12-30,50.049999
MSFT,2014-12-29,50.049999
MSFT,2014-12-26,50.049999
MSFT,2014-12-24,50.049999
MSFT,2014-12-23,50.049999
MSFT,2014-12-22,50.049999
MSFT,2014-12-19,50.049999
MSFT,2014-12-18,50.049999
MSFT,2014-12-17,50.049999
MSFT,2014-12-16,50.049999
MSFT,2014-12-15,50.049999
MSFT,2014-12-12,50.049999
MSFT,2014-12-11,50.049999
MSFT,2014-12-10,50.049999
MSFT,2014-12-09,50.049999
MSFT,2014-12-08,50.049999
MSFT,2014-12-05,50.049999
MSFT,2014-12-04,50.049999
MSFT,2014-12-03,50.049999
MSFT,2014-12-02,50.049999
MSFT,2014-12-01,50.049999
MSFT,2014-11-28,50.049999
MSFT,2014-11-26,50.049999
MSFT,2014-11-25,50.049999
MSFT,2014-11-24,50.049999
MSFT,2014-11-21,50.049999
MSFT,2014-11-20,50.049999
MSFT,2014-11-19,50.049999
MSFT,2014-11-18,50.049999
MSFT,2014-11-17,50.049999
MSFT,2014-11-14,49.650002
MSFT,2014-11-13,49.150002
MSFT,2014-11-12,49.150002
MSFT,2014-11-11,49.150002
MSFT,2014-11-10,48.919998
MSFT,2014-11-07,48.860001
MSFT,2014-11-06,47.900002
MSFT,2014-11-05,47.73
MSFT,2014-11-04,47.57
MSFT,2014-11-03,47.57
MSFT,2014-10-31,47.57
MSFT,2014-10-30,47.57
MSFT,2014-10-29,47.57
MSFT,2014-10-28,47.57
MSFT,2014-10-27,47.57
MSFT,2014-10-24,47.57
MSFT,2014-10-23,47.57
MSFT,2014-10-22,47.57
MSFT,2014-10-21,47.57
MSFT,2014-10-20,47.57
MSFT,2014-10-17,47.57
MSFT,2014-10-16,47.57
MSFT,2014-10-15,47.57
MSFT,2014-10-14,47.57
MSFT,2014-10-13,47.57
MSFT,2014-10-10,47.57
MSFT,2014-10-09,47.57
MSFT,2014-10-08,47.57
MSFT,2014-10-07,47.57
MSFT,2014-10-06,47.57
MSFT,2014-10-03,47.57
MSFT,2014-10-02,47.57
MSFT,2014-10-01,47.57
MSFT,2014-09-30,47.57
MSFT,2014-09-29,47.57
MSFT,2014-09-26,47.57
MSFT,2014-09-25,47.57
MSFT,2014-09-24,47.57
MSFT,2014-09-23,47.57
MSFT,2014-09-22,47.57
MSFT,2014-09-19,47.02
MSFT,2014-09-18,47.02
MSFT,2014-09-17,47.02
MSFT,2014-09-16,47.02
MSFT,2014-09-15,47.02
MSFT,2014-09-12,47.00
MSFT,2014-09-11,46.970001
MSFT,2014-09-10,46.970001
MSFT,2014-09-09,46.799999
MSFT,2014-09-08,45.93
MSFT,2014-09-05,45.709999
MSFT,2014-09-04,45.709999
MSFT,2014-09-03,45.709999
MSFT,2014-09-02,45.709999
MSFT,2014-08-29,45.709999
MSFT,2014-08-28,45.709999
MSFT,2014-08-27,45.709999
MSFT,2014-08-26,45.709999
MSFT,2014-08-25,45.709999
MSFT,2014-08-22,45.709999
MSFT,2014-08-21,45.709999
MSFT,2014-08-20,45.709999
MSFT,2014-08-19,45.709999
MSFT,2014-08-18,45.709999
MSFT,2014-08-15,45.709999
MSFT,2014-08-14,45.709999
MSFT,2014-08-13,45.709999
MSFT,2014-08-12,45.709999
MSFT,2014-08-11,45.709999
MSFT,2014-08-08,45.709999
MSFT,2014-08-07,45.709999
MSFT,2014-08-06,45.709999
MSFT,2014-08-05,45.709999
MSFT,2014-08-04,45.709999
MSFT,2014-08-01,45.709999
MSFT,2014-07-31,45.709999
MSFT,2014-07-30,45.709999
MSFT,2014-07-29,45.709999
MSFT,2014-07-28,45.709999
MSFT,2014-07-25,45.709999
MSFT,2014-07-24,45.709999
MSFT,2014-07-23,45.709999
MSFT,2014-07-22,45.709999
MSFT,2014-07-21,45.709999
MSFT,2014-07-18,45.709999
MSFT,2014-07-17,44.310001
MSFT,2014-07-16,42.470001
MSFT,2014-07-15,42.450001
MSFT,2014-07-14,42.290001
MSFT,2014-07-11,42.290001
MSFT,2014-07-10,42.290001
MSFT,2014-07-09,42.290001
MSFT,2014-07-08,42.290001
MSFT,2014-07-07,42.290001
MSFT,2014-07-03,42.290001
MSFT,2014-07-02,42.290001
MSFT,2014-07-01,42.290001
MSFT,2014-06-30,42.290001
MSFT,2014-06-27,42.049999
MSFT,2014-06-26,42.049999
MSFT,2014-06-25,42.00
MSFT,2014-06-24,42.00
MSFT,2014-06-23,41.91
MSFT,2014-06-20,41.91
MSFT,2014-06-19,41.91
MSFT,2014-06-18,41.91
MSFT,2014-06-17,41.66
MSFT,2014-06-16,41.66
MSFT,2014-06-13,41.66
MSFT,2014-06-12,41.66
MSFT,2014-06-11,41.66
MSFT,2014-06-10,41.66
MSFT,2014-06-09,41.66
MSFT,2014-06-06,41.66
MSFT,2014-06-05,41.66
MSFT,2014-06-04,41.66
MSFT,2014-06-03,41.66
MSFT,2014-06-02,41.66
MSFT,2014-05-30,41.66
MSFT,2014-05-29,41.66
MSFT,2014-05-28,41.66
MSFT,2014-05-27,41.66
MSFT,2014-05-23,41.66
MSFT,2014-05-22,41.66
MSFT,2014-05-21,41.66
MSFT,2014-05-20,41.66
MSFT,2014-05-19,41.66
MSFT,2014-05-16,41.66
MSFT,2014-05-15,41.66
MSFT,2014-05-14,41.66
MSFT,2014-05-13,41.66
MSFT,2014-05-12,41.66
MSFT,2014-05-09,41.66
MSFT,2014-05-08,41.66
MSFT,2014-05-07,41.66
MSFT,2014-05-06,41.66
MSFT,2014-05-05,41.66
MSFT,2014-05-02,41.66
MSFT,2014-05-01,41.66
MSFT,2014-04-30,41.66
MSFT,2014-04-29,41.66
MSFT,2014-04-28,41.66
MSFT,2014-04-25,41.66
MSFT,2014-04-24,41.66
MSFT,2014-04-23,41.66
MSFT,2014-04-22,41.66
MSFT,2014-04-21,41.66
MSFT,2014-04-17,41.66
MSFT,2014-04-16,41.66
MSFT,2014-04-15,41.66
MSFT,2014-04-14,41.66
MSFT,2014-04-11,41.66
MSFT,2014-04-10,41.66
MSFT,2014-04-09,41.66
MSFT,2014-04-08,41.66
MSFT,2014-04-07,41.66
MSFT,2014-04-04,41.66
MSFT,2014-04-03,41.66
MSFT,2014-04-02,41.59
MSFT,2014-04-01,41.50
MSFT,2014-03-31,40.990002
MSFT,2014-03-28,40.990002
MSFT,2014-03-27,40.990002
MSFT,2014-03-26,40.990002
MSFT,2014-03-25,40.939999
MSFT,2014-03-24,40.939999
MSFT,2014-03-21,40.650002
MSFT,2014-03-20,39.900002
MSFT,2014-03-19,39.900002
MSFT,2014-03-18,38.98
MSFT,2014-03-17,38.98
MSFT,2014-03-14,38.98
MSFT,2014-03-13,38.98
MSFT,2014-03-12,38.98
MSFT,2014-03-11,38.98
MSFT,2014-03-10,38.98
MSFT,2014-03-07,38.98
MSFT,2014-03-06,38.98
MSFT,2014-03-05,38.98
MSFT,2014-03-04,38.98
MSFT,2014-03-03,38.98
MSFT,2014-02-28,38.98
MSFT,2014-02-27,38.98
MSFT,2014-02-26,38.98
MSFT,2014-02-25,38.98
MSFT,2014-02-24,38.98
MSFT,2014-02-21,38.98
MSFT,2014-02-20,38.98
MSFT,2014-02-19,38.98
MSFT,2014-02-18,38.98
MSFT,2014-02-14,38.98
MSFT,2014-02-13,38.98
MSFT,2014-02-12,38.98
MSFT,2014-02-11,38.98
MSFT,2014-02-10,38.98
MSFT,2014-02-07,38.98
MSFT,2014-02-06,38.98
MSFT,2014-02-05,38.98
MSFT,2014-02-04,38.98
MSFT,2014-02-03,38.98
MSFT,2014-01-31,38.98
MSFT,2014-01-30,38.98
MSFT,2014-01-29,38.98
MSFT,2014-01-28,38.98
MSFT,2014-01-27,38.98
MSFT,2014-01-24,38.98
MSFT,2014-01-23,38.98
MSFT,2014-01-22,38.98
MSFT,2014-01-21,38.98
MSFT,2014-01-17,38.98
MSFT,2014-01-16,38.98
MSFT,2014-01-15,38.98
MSFT,2014-01-14,38.98
MSFT,2014-01-13,38.98
MSFT,2014-01-10,38.98
MSFT,2014-01-09,38.98
MSFT,2014-01-08,38.98
MSFT,2014-01-07,38.98
MSFT,2014-01-06,38.98
MSFT,2014-01-03,38.98
MSFT,2014-01-02,38.98
MSFT,2013-12-31,38.98
MSFT,2013-12-30,38.98
MSFT,2013-12-27,38.98
MSFT,2013-12-26,38.98
MSFT,2013-12-24,38.98
MSFT,2013-12-23,38.98
MSFT,2013-12-20,38.98
MSFT,2013-12-19,38.98
MSFT,2013-12-18,38.98
MSFT,2013-12-17,38.98
MSFT,2013-12-16,38.98
MSFT,2013-12-13,38.98
MSFT,2013-12-12,38.98
MSFT,2013-12-11,38.98
MSFT,2013-12-10,38.98
MSFT,2013-12-09,38.98
MSFT,2013-12-06,38.98
MSFT,2013-12-05,38.98
MSFT,2013-12-04,38.779999
MSFT,2013-12-03,38.779999
MSFT,2013-12-02,38.290001
MSFT,2013-11-29,38.220001
MSFT,2013-11-27,38.220001
MSFT,2013-11-26,38.220001
MSFT,2013-11-25,38.220001
MSFT,2013-11-22,38.220001
MSFT,2013-11-21,38.220001
MSFT,2013-11-20,38.220001
MSFT,2013-11-19,38.220001
MSFT,2013-11-18,38.220001
MSFT,2013-11-15,38.220001
MSFT,2013-11-14,38.220001
MSFT,2013-11-13,38.220001
MSFT,2013-11-12,38.220001
MSFT,2013-11-11,38.220001
MSFT,2013-11-08,38.220001
MSFT,2013-11-07,38.220001
MSFT,2013-11-06,36.709999
MSFT,2013-11-05,36.43
MSFT,2013-11-04,36.43
MSFT,2013-11-01,36.43
MSFT,2013-10-31,36.43
MSFT,2013-10-30,36.43
MSFT,2013-10-29,36.43
MSFT,2013-10-28,36.43
MSFT,2013-10-25,36.43
MSFT,2013-10-24,36.43
MSFT,2013-10-23,36.43
MSFT,2013-10-22,36.43
MSFT,2013-10-21,36.43
MSFT,2013-10-18,36.43
MSFT,2013-10-17,36.43
MSFT,2013-10-16,36.43
MSFT,2013-10-15,36.43
MSFT,2013-10-14,36.43
MSFT,2013-10-11,36.43
MSFT,2013-10-10,36.43
MSFT,2013-10-09,36.43
MSFT,2013-10-08,36.43
MSFT,2013-10-07,36.43
MSFT,2013-10-04,36.43
MSFT,2013-10-03,36.43
MSFT,2013-10-02,36.43
MSFT,2013-10-01,36.43
MSFT,2013-09-30,36.43
MSFT,2013-09-27,36.43
MSFT,2013-09-26,36.43
MSFT,2013-09-25,36.43
MSFT,2013-09-24,36.43
MSFT,2013-09-23,36.43
MSFT,2013-09-20,36.43
MSFT,2013-09-19,36.43
MSFT,2013-09-18,36.43
MSFT,2013-09-17,36.43
MSFT,2013-09-16,36.43
MSFT,2013-09-13,36.43
MSFT,2013-09-12,36.43
MSFT,2013-09-11,36.43
MSFT,2013-09-10,36.43
MSFT,2013-09-09,36.43
MSFT,2013-09-06,36.43
MSFT,2013-09-05,36.43
MSFT,2013-09-04,36.43
MSFT,2013-09-03,36.43
MSFT,2013-08-30,36.43
MSFT,2013-08-29,36.43
MSFT,2013-08-28,36.43
MSFT,2013-08-27,36.43
MSFT,2013-08-26,36.43
MSFT,2013-08-23,36.43
MSFT,2013-08-22,36.43
MSFT,2013-08-21,36.43
MSFT,2013-08-20,36.43
MSFT,2013-08-19,36.43
MSFT,2013-08-16,36.43
MSFT,2013-08-15,36.43
MSFT,2013-08-14,36.43
MSFT,2013-08-13,36.43
MSFT,2013-08-12,36.43
MSFT,2013-08-09,36.43
MSFT,2013-08-08,36.43
MSFT,2013-08-07,36.43
MSFT,2013-08-06,36.43
MSFT,2013-08-05,36.43
MSFT,2013-08-02,36.43
MSFT,2013-08-01,36.43
MSFT,2013-07-31,36.43
MSFT,2013-07-30,36.43
MSFT,2013-07-29,36.43
MSFT,2013-07-26,36.43
MSFT,2013-07-25,36.43
MSFT,2013-07-24,36.43
MSFT,2013-07-23,36.43
MSFT,2013-07-22,36.43
MSFT,2013-07-19,36.43
MSFT,2013-07-18,36.43
MSFT,2013-07-17,36.43
MSFT,2013-07-16,36.220001
MSFT,2013-07-15,35.779999
MSFT,2013-07-12,35.779999
MSFT,2013-07-11,35.779999
MSFT,2013-07-10,35.779999
MSFT,2013-07-09,35.779999
MSFT,2013-07-08,35.779999
MSFT,2013-07-05,35.779999
MSFT,2013-07-03,35.779999
MSFT,2013-07-02,35.779999
MSFT,2013-07-01,35.779999
MSFT,2013-06-28,35.779999
MSFT,2013-06-27,35.779999
MSFT,2013-06-26,35.779999
MSFT,2013-06-25,35.779999
MSFT,2013-06-24,35.779999
MSFT,2013-06-21,35.779999
MSFT,2013-06-20,35.779999
MSFT,2013-06-19,35.779999
MSFT,2013-06-18,35.779999
MSFT,2013-06-17,35.779999
MSFT,2013-06-14,35.779999
MSFT,2013-06-13,35.779999
MSFT,2013-06-12,35.779999
MSFT,2013-06-11,35.779999
MSFT,2013-06-10,35.779999
MSFT,2013-06-07,35.740002
MSFT,2013-06-06,35.740002
MSFT,2013-06-05,35.740002
MSFT,2013-06-04,35.630001
MSFT,2013-06-03,35.279999
MSFT,2013-05-31,35.27
MSFT,2013-05-30,35.27
MSFT,2013-05-29,35.27
MSFT,2013-05-28,35.27
MSFT,2013-05-24,35.27
MSFT,2013-05-23,35.27
MSFT,2013-05-22,35.27
MSFT,2013-05-21,35.099998
MSFT,2013-05-20,34.869999
MSFT,2013-05-17,34.150002
MSFT,2013-05-16,33.91
MSFT,2013-05-15,33.91
MSFT,2013-05-14,33.91
MSFT,2013-05-13,33.91
MSFT,2013-05-10,33.91
MSFT,2013-05-09,33.91
MSFT,2013-05-08,33.91
MSFT,2013-05-07,33.91
MSFT,2013-05-06,33.52
MSFT,2013-05-03,33.169998
MSFT,2013-05-02,33.110001
MSFT,2013-05-01,33.110001
MSFT,2013-04-30,32.84
MSFT,2013-04-29,32.84
MSFT,2013-04-26,32.889999
MSFT,2013-04-25,32.889999
MSFT,2013-04-24,32.889999
MSFT,2013-04-23,32.889999
MSFT,2013-04-22,32.889999
MSFT,2013-04-19,32.889999
MSFT,2013-04-18,32.889999
MSFT,2013-04-17,32.889999
MSFT,2013-04-16,32.889999
MSFT,2013-04-15,32.889999
MSFT,2013-04-12,32.889999
MSFT,2013-04-11,32.889999
MSFT,2013-04-10,32.889999
MSFT,2013-04-09,32.889999
MSFT,2013-04-08,32.889999
MSFT,2013-04-05,32.889999
MSFT,2013-04-04,32.889999
MSFT,2013-04-03,32.889999
MSFT,2013-04-02,32.889999
MSFT,2013-04-01,32.889999
MSFT,2013-03-28,32.889999
MSFT,2013-03-27,32.889999
MSFT,2013-03-26,32.889999
MSFT,2013-03-25,32.889999
MSFT,2013-03-22,32.950001
MSFT,2013-03-21,32.950001
MSFT,2013-03-20,32.950001
MSFT,2013-03-19,32.950001
MSFT,2013-03-18,32.950001
MSFT,2013-03-15,32.950001
MSFT,2013-03-14,32.950001
MSFT,2013-03-13,32.950001
MSFT,2013-03-12,32.950001
MSFT,2013-03-11,32.950001
MSFT,2013-03-08,32.950001
MSFT,2013-03-07,32.950001
MSFT,2013-03-06,32.950001
MSFT,2013-03-05,32.950001
MSFT,2013-03-04,32.950001
MSFT,2013-03-01,32.950001
MSFT,2013-02-28,32.950001
MSFT,2013-02-27,32.950001
MSFT,2013-02-26,32.950001
MSFT,2013-02-25,32.950001
MSFT,2013-02-22,32.950001
MSFT,2013-02-21,32.950001
MSFT,2013-02-20,32.950001
MSFT,2013-02-19,32.950001
MSFT,2013-02-15,32.950001
MSFT,2013-02-14,32.950001
MSFT,2013-02-13,32.950001
MSFT,2013-02-12,32.950001
MSFT,2013-02-11,32.950001
MSFT,2013-02-08,32.950001
MSFT,2013-02-07,32.950001
MSFT,2013-02-06,32.950001
MSFT,2013-02-05,32.950001
MSFT,2013-02-04,32.950001
MSFT,2013-02-01,32.950001
MSFT,2013-01-31,32.950001
MSFT,2013-01-30,32.950001
MSFT,2013-01-29,32.950001
MSFT,2013-01-28,32.950001
MSFT,2013-01-25,32.950001
MSFT,2013-01-24,32.950001
MSFT,2013-01-23,32.950001
MSFT,2013-01-22,32.950001
MSFT,2013-01-18,32.950001
MSFT,2013-01-17,32.950001
MSFT,2013-01-16,32.950001
MSFT,2013-01-15,32.950001
MSFT,2013-01-14,32.950001
MSFT,2013-01-11,32.950001
MSFT,2013-01-10,32.950001
MSFT,2013-01-09,32.950001
MSFT,2013-01-08,32.950001
MSFT,2013-01-07,32.950001
MSFT,2013-01-04,32.950001
MSFT,2013-01-03,32.950001
MSFT,2013-01-02,32.950001
MSFT,2012-12-31,32.950001
MSFT,2012-12-28,32.950001
MSFT,2012-12-27,32.950001
MSFT,2012-12-26,32.950001
MSFT,2012-12-24,32.950001
MSFT,2012-12-21,32.950001
MSFT,2012-12-20,32.950001
MSFT,2012-12-19,32.950001
MSFT,2012-12-18,32.950001
MSFT,2012-12-17,32.950001
MSFT,2012-12-14,32.950001
MSFT,2012-12-13,32.950001
MSFT,2012-12-12,32.950001
MSFT,2012-12-11,32.950001
MSFT,2012-12-10,32.950001
MSFT,2012-12-07,32.950001
MSFT,2012-12-06,32.950001
MSFT,2012-12-05,32.950001
MSFT,2012-12-04,32.950001
MSFT,2012-12-03,32.950001
MSFT,2012-11-30,32.950001
MSFT,2012-11-29,32.950001
MSFT,2012-11-28,32.950001
MSFT,2012-11-27,32.950001
MSFT,2012-11-26,32.950001
MSFT,2012-11-23,32.950001
MSFT,2012-11-21,32.950001
MSFT,2012-11-20,32.950001
MSFT,2012-11-19,32.950001
MSFT,2012-11-16,32.950001
MSFT,2012-11-15,32.950001
MSFT,2012-11-14,32.950001
MSFT,2012-11-13,32.950001
MSFT,2012-11-12,32.950001
MSFT,2012-11-09,32.950001
MSFT,2012-11-08,32.950001
MSFT,2012-11-07,32.950001
MSFT,2012-11-06,32.950001
MSFT,2012-11-05,32.950001
MSFT,2012-11-02,32.950001
MSFT,2012-11-01,32.950001
MSFT,2012-10-31,32.950001
MSFT,2012-10-26,32.950001
MSFT,2012-10-25,32.950001
MSFT,2012-10-24,32.950001
MSFT,2012-10-23,32.950001
MSFT,2012-10-22,32.950001
MSFT,2012-10-19,32.950001
MSFT,2012-10-18,32.950001
MSFT,2012-10-17,32.950001
MSFT,2012-10-16,32.950001
MSFT,2012-10-15,32.950001
MSFT,2012-10-12,32.950001
MSFT,2012-10-11,32.950001
MSFT,2012-10-10,32.950001
MSFT,2012-10-09,32.950001
MSFT,2012-10-08,32.950001
MSFT,2012-10-05,32.950001
MSFT,2012-10-04,32.950001
MSFT,2012-10-03,32.950001
MSFT,2012-10-02,32.950001
MSFT,2012-10-01,32.950001
MSFT,2012-09-28,32.950001
MSFT,2012-09-27,32.950001
MSFT,2012-09-26,32.950001
MSFT,2012-09-25,32.950001
MSFT,2012-09-24,32.950001
MSFT,2012-09-21,32.950001
MSFT,2012-09-20,32.950001
MSFT,2012-09-19,32.950001
MSFT,2012-09-18,32.950001
MSFT,2012-09-17,32.950001
MSFT,2012-09-14,32.950001
MSFT,2012-09-13,32.950001
MSFT,2012-09-12,32.950001
MSFT,2012-09-11,32.950001
MSFT,2012-09-10,32.950001
MSFT,2012-09-07,32.950001
MSFT,2012-09-06,32.950001
MSFT,2012-09-05,32.950001
MSFT,2012-09-04,32.950001
MSFT,2012-08-31,32.950001
MSFT,2012-08-30,32.950001
MSFT,2012-08-29,32.950001
MSFT,2012-08-28,32.950001
MSFT,2012-08-27,32.950001
MSFT,2012-08-24,32.950001
MSFT,2012-08-23,32.950001
MSFT,2012-08-22,32.950001
MSFT,2012-08-21,32.950001
MSFT,2012-08-20,32.950001
MSFT,2012-08-17,32.950001
MSFT,2012-08-16,32.950001
MSFT,2012-08-15,32.950001
MSFT,2012-08-14,32.950001
MSFT,2012-08-13,32.950001
MSFT,2012-08-10,32.950001
MSFT,2012-08-09,32.950001
MSFT,2012-08-08,32.950001
MSFT,2012-08-07,32.950001
MSFT,2012-08-06,32.950001
MSFT,2012-08-03,32.950001
MSFT,2012-08-02,32.950001
MSFT,2012-08-01,32.950001
MSFT,2012-07-31,32.950001
MSFT,2012-07-30,32.950001
MSFT,2012-07-27,32.950001
MSFT,2012-07-26,32.950001
MSFT,2012-07-25,32.950001
MSFT,2012-07-24,32.950001
MSFT,2012-07-23,32.950001
MSFT,2012-07-20,32.950001
MSFT,2012-07-19,32.950001
MSFT,2012-07-18,32.950001
MSFT,2012-07-17,32.950001
MSFT,2012-07-16,32.950001
MSFT,2012-07-13,32.950001
MSFT,2012-07-12,32.950001
MSFT,2012-07-11,32.950001
MSFT,2012-07-10,32.950001
MSFT,2012-07-09,32.950001
MSFT,2012-07-06,32.950001
MSFT,2012-07-05,32.950001
MSFT,2012-07-03,32.950001
MSFT,2012-07-02,32.950001
MSFT,2012-06-29,32.950001
MSFT,2012-06-28,32.950001
MSFT,2012-06-27,32.950001
MSFT,2012-06-26,32.950001
MSFT,2012-06-25,32.950001
MSFT,2012-06-22,32.950001
MSFT,2012-06-21,32.950001
MSFT,2012-06-20,32.950001
MSFT,2012-06-19,32.950001
MSFT,2012-06-18,32.950001
MSFT,2012-06-15,32.950001
MSFT,2012-06-14,32.950001
MSFT,2012-06-13,32.950001
MSFT,2012-06-12,32.950001
MSFT,2012-06-11,32.950001
MSFT,2012-06-08,32.950001
MSFT,2012-06-07,32.950001
MSFT,2012-06-06,32.950001
MSFT,2012-06-05,32.950001
MSFT,2012-06-04,32.950001
MSFT,2012-06-01,32.950001
MSFT,2012-05-31,32.950001
MSFT,2012-05-30,32.950001
MSFT,2012-05-29,32.950001
MSFT,2012-05-25,32.950001
MSFT,2012-05-24,32.950001
MSFT,2012-05-23,32.950001
MSFT,2012-05-22,32.950001
MSFT,2012-05-21,32.950001
MSFT,2012-05-18,32.950001
MSFT,2012-05-17,32.950001
MSFT,2012-05-16,32.950001
MSFT,2012-05-15,32.950001
MSFT,2012-05-14,32.950001
MSFT,2012-05-11,32.950001
MSFT,2012-05-10,32.950001
MSFT,2012-05-09,32.950001
MSFT,2012-05-08,32.950001
MSFT,2012-05-07,32.950001
MSFT,2012-05-04,32.950001
MSFT,2012-05-03,32.950001
MSFT,2012-05-02,32.950001
MSFT,2012-05-01,32.950001
MSFT,2012-04-30,32.950001
MSFT,2012-04-27,32.950001
MSFT,2012-04-26,32.950001
MSFT,2012-04-25,32.950001
MSFT,2012-04-24,32.950001
MSFT,2012-04-23,32.950001
MSFT,2012-04-20,32.950001
MSFT,2012-04-19,32.950001
MSFT,2012-04-18,32.950001
MSFT,2012-04-17,32.950001
MSFT,2012-04-16,32.950001
MSFT,2012-04-13,32.950001
MSFT,2012-04-12,32.950001
MSFT,2012-04-11,32.950001
MSFT,2012-04-10,32.950001
MSFT,2012-04-09,32.950001
MSFT,2012-04-05,32.950001
MSFT,2012-04-04,32.950001
MSFT,2012-04-03,32.950001
MSFT,2012-04-02,32.950001
MSFT,2012-03-30,32.950001
MSFT,2012-03-29,32.950001
MSFT,2012-03-28,32.950001
MSFT,2012-03-27,32.950001
MSFT,2012-03-26,32.950001
MSFT,2012-03-23,32.950001
MSFT,2012-03-22,32.950001
MSFT,2012-03-21,32.950001
MSFT,2012-03-20,32.950001
MSFT,2012-03-19,32.950001
MSFT,2012-03-16,32.939999
MSFT,2012-03-15,32.880001
MSFT,2012-03-14,32.689999
MSFT,2012-03-13,32.439999
MSFT,2012-03-12,32.439999
MSFT,2012-03-09,32.439999
MSFT,2012-03-08,32.439999
MSFT,2012-03-07,32.439999
MSFT,2012-03-06,32.439999
MSFT,2012-03-05,32.439999
MSFT,2012-03-02,32.389999
MSFT,2012-03-01,32.00
MSFT,2012-02-29,31.93
MSFT,2012-02-28,31.68
MSFT,2012-02-27,31.68
MSFT,2012-02-24,31.68
MSFT,2012-02-23,31.68
MSFT,2012-02-22,31.610001
MSFT,2012-02-21,31.549999
MSFT,2012-02-17,31.549999
MSFT,2012-02-16,30.799999
MSFT,2012-02-15,30.799999
MSFT,2012-02-14,30.799999
MSFT,2012-02-13,30.799999
MSFT,2012-02-10,30.799999
MSFT,2012-02-09,30.67
MSFT,2012-02-08,30.49
MSFT,2012-02-07,30.40
MSFT,2012-02-06,30.40
MSFT,2012-02-03,30.17
MSFT,2012-02-02,30.049999
MSFT,2012-02-01,29.950001
MSFT,2012-01-31,29.950001
MSFT,2012-01-30,29.950001
MSFT,2012-01-27,29.950001
MSFT,2012-01-26,29.950001
MSFT,2012-01-25,29.950001
MSFT,2012-01-24,29.950001
MSFT,2012-01-23,29.74
MSFT,2012-01-20,29.459999
MSFT,2012-01-19,29.459999
MSFT,2012-01-18,29.459999
MSFT,2012-01-17,29.459999
MSFT,2012-01-13,29.459999
MSFT,2012-01-12,29.459999
MSFT,2012-01-11,29.459999
MSFT,2012-01-10,29.459999
MSFT,2012-01-09,29.459999
MSFT,2012-01-06,29.459999
MSFT,2012-01-05,29.459999
MSFT,2012-01-04,29.459999
MSFT,2012-01-03,29.459999
MSFT,2011-12-30,29.459999
MSFT,2011-12-29,29.459999
MSFT,2011-12-28,29.459999
MSFT,2011-12-27,29.459999
MSFT,2011-12-23,29.459999
MSFT,2011-12-22,29.459999
MSFT,2011-12-21,29.459999
MSFT,2011-12-20,29.459999
MSFT,2011-12-19,29.459999
MSFT,2011-12-16,29.459999
MSFT,2011-12-15,29.459999
MSFT,2011-12-14,29.459999
MSFT,2011-12-13,29.459999
MSFT,2011-12-12,29.459999
MSFT,2011-12-09,29.459999
MSFT,2011-12-08,29.459999
MSFT,2011-12-07,29.459999
MSFT,2011-12-06,29.459999
MSFT,2011-12-05,29.459999
MSFT,2011-12-02,29.459999
MSFT,2011-12-01,29.459999
MSFT,2011-11-30,29.459999
MSFT,2011-11-29,29.459999
MSFT,2011-11-28,29.459999
MSFT,2011-11-25,29.459999
MSFT,2011-11-23,29.459999
MSFT,2011-11-22,29.459999
MSFT,2011-11-21,29.459999
MSFT,2011-11-18,29.459999
MSFT,2011-11-17,29.459999
MSFT,2011-11-16,29.459999
MSFT,2011-11-15,29.459999
MSFT,2011-11-14,29.459999
MSFT,2011-11-11,29.459999
MSFT,2011-11-10,29.459999
MSFT,2011-11-09,29.459999
MSFT,2011-11-08,29.459999
MSFT,2011-11-07,29.459999
MSFT,2011-11-04,29.459999
MSFT,2011-11-03,29.459999
MSFT,2011-11-02,29.459999
MSFT,2011-11-01,29.459999
MSFT,2011-10-31,29.459999
MSFT,2011-10-28,29.459999
MSFT,2011-10-27,29.459999
MSFT,2011-10-26,29.459999
MSFT,2011-10-25,29.459999
MSFT,2011-10-24,29.459999
MSFT,2011-10-21,29.459999
MSFT,2011-10-20,29.459999
MSFT,2011-10-19,29.459999
MSFT,2011-10-18,29.459999
MSFT,2011-10-17,29.459999
MSFT,2011-10-14,29.459999
MSFT,2011-10-13,29.459999
MSFT,2011-10-12,29.459999
MSFT,2011-10-11,29.459999
MSFT,2011-10-10,29.459999
MSFT,2011-10-07,29.459999
MSFT,2011-10-06,29.459999
MSFT,2011-10-05,29.459999
MSFT,2011-10-04,29.459999
MSFT,2011-10-03,29.459999
MSFT,2011-09-30,29.459999
MSFT,2011-09-29,29.459999
MSFT,2011-09-28,29.459999
MSFT,2011-09-27,29.459999
MSFT,2011-09-26,29.459999
MSFT,2011-09-23,29.459999
MSFT,2011-09-22,29.459999
MSFT,2011-09-21,29.459999
MSFT,2011-09-20,29.459999
MSFT,2011-09-19,29.459999
MSFT,2011-09-16,29.459999
MSFT,2011-09-15,29.459999
MSFT,2011-09-14,29.459999
MSFT,2011-09-13,29.459999
MSFT,2011-09-12,29.459999
MSFT,2011-09-09,29.459999
MSFT,2011-09-08,29.459999
MSFT,2011-09-07,29.459999
MSFT,2011-09-06,29.459999
MSFT,2011-09-02,29.459999
MSFT,2011-09-01,29.459999
MSFT,2011-08-31,29.459999
MSFT,2011-08-30,29.459999
MSFT,2011-08-29,29.459999
MSFT,2011-08-26,29.459999
MSFT,2011-08-25,29.459999
MSFT,2011-08-24,29.459999
MSFT,2011-08-23,29.459999
MSFT,2011-08-22,29.459999
MSFT,2011-08-19,29.459999
MSFT,2011-08-18,29.459999
MSFT,2011-08-17,29.459999
MSFT,2011-08-16,29.459999
MSFT,2011-08-15,29.459999
MSFT,2011-08-12,29.459999
MSFT,2011-08-11,29.459999
MSFT,2011-08-10,29.459999
MSFT,2011-08-09,29.459999
MSFT,2011-08-08,29.459999
MSFT,2011-08-05,29.459999
MSFT,2011-08-04,29.459999
MSFT,2011-08-03,29.459999
MSFT,2011-08-02,29.459999
MSFT,2011-08-01,29.459999
MSFT,2011-07-29,29.459999
MSFT,2011-07-28,29.459999
MSFT,2011-07-27,29.459999
MSFT,2011-07-26,29.459999
MSFT,2011-07-25,29.459999
MSFT,2011-07-22,29.459999
MSFT,2011-07-21,29.459999
MSFT,2011-07-20,29.459999
MSFT,2011-07-19,29.459999
MSFT,2011-07-18,29.459999
MSFT,2011-07-15,29.459999
MSFT,2011-07-14,29.459999
MSFT,2011-07-13,29.459999
MSFT,2011-07-12,29.459999
MSFT,2011-07-11,29.459999
MSFT,2011-07-08,29.459999
MSFT,2011-07-07,29.459999
MSFT,2011-07-06,29.459999
MSFT,2011-07-05,29.459999
MSFT,2011-07-01,29.459999
MSFT,2011-06-30,29.459999
MSFT,2011-06-29,29.459999
MSFT,2011-06-28,29.459999
MSFT,2011-06-27,29.459999
MSFT,2011-06-24,29.459999
MSFT,2011-06-23,29.459999
MSFT,2011-06-22,29.459999
MSFT,2011-06-21,29.459999
MSFT,2011-06-20,29.459999
MSFT,2011-06-17,29.459999
MSFT,2011-06-16,29.459999
MSFT,2011-06-15,29.459999
MSFT,2011-06-14,29.459999
MSFT,2011-06-13,29.459999
MSFT,2011-06-10,29.459999
MSFT,2011-06-09,29.459999
MSFT,2011-06-08,29.459999
MSFT,2011-06-07,29.459999
MSFT,2011-06-06,29.459999
MSFT,2011-06-03,29.459999
MSFT,2011-06-02,29.459999
MSFT,2011-06-01,29.459999
MSFT,2011-05-31,29.459999
MSFT,2011-05-27,29.459999
MSFT,2011-05-26,29.459999
MSFT,2011-05-25,29.459999
MSFT,2011-05-24,29.459999
MSFT,2011-05-23,29.459999
MSFT,2011-05-20,29.459999
MSFT,2011-05-19,29.459999
MSFT,2011-05-18,29.459999
MSFT,2011-05-17,29.459999
MSFT,2011-05-16,29.73
MSFT,2011-05-13,29.73
MSFT,2011-05-12,29.73
MSFT,2011-05-11,29.73
MSFT,2011-05-10,29.73
MSFT,2011-05-09,29.879999
MSFT,2011-05-06,30.09
MSFT,2011-05-05,30.549999
MSFT,2011-05-04,31.059999
MSFT,2011-05-03,31.08
MSFT,2011-05-02,31.43
MSFT,2011-04-29,31.43
MSFT,2011-04-28,31.43
MSFT,2011-04-27,31.43
MSFT,2011-04-26,31.58
MSFT,2011-04-25,31.58
MSFT,2011-04-21,31.58
MSFT,2011-04-20,31.58
MSFT,2011-04-19,31.58
MSFT,2011-04-18,31.58
MSFT,2011-04-15,31.58
MSFT,2011-04-14,31.58
MSFT,2011-04-13,31.58
MSFT,2011-04-12,31.58
MSFT,2011-04-11,31.58
MSFT,2011-04-08,31.58
MSFT,2011-04-07,31.58
MSFT,2011-04-06,31.58
MSFT,2011-04-05,31.58
MSFT,2011-04-04,31.58
MSFT,2011-04-01,31.58
MSFT,2011-03-31,31.58
MSFT,2011-03-30,31.58
MSFT,2011-03-29,31.58
MSFT,2011-03-28,31.58
MSFT,2011-03-25,31.58
MSFT,2011-03-24,31.58
MSFT,2011-03-23,31.58
MSFT,2011-03-22,31.58
MSFT,2011-03-21,31.58
MSFT,2011-03-18,31.58
MSFT,2011-03-17,31.58
MSFT,2011-03-16,31.58
MSFT,2011-03-15,31.58
MSFT,2011-03-14,31.58
MSFT,2011-03-11,31.58
MSFT,2011-03-10,31.58
MSFT,2011-03-09,31.58
MSFT,2011-03-08,31.58
MSFT,2011-03-07,31.58
MSFT,2011-03-04,31.58
MSFT,2011-03-03,31.58
MSFT,2011-03-02,31.58
MSFT,2011-03-01,31.58
MSFT,2011-02-28,31.58
MSFT,2011-02-25,31.58
MSFT,2011-02-24,31.58
MSFT,2011-02-23,31.58
MSFT,2011-02-22,31.58
MSFT,2011-02-18,31.58
MSFT,2011-02-17,31.58
MSFT,2011-02-16,31.58
MSFT,2011-02-15,31.58
MSFT,2011-02-14,31.58
MSFT,2011-02-11,31.58
MSFT,2011-02-10,31.58
MSFT,2011-02-09,31.58
MSFT,2011-02-08,31.58
MSFT,2011-02-07,31.58
MSFT,2011-02-04,31.58
MSFT,2011-02-03,31.58
MSFT,2011-02-02,31.58
MSFT,2011-02-01,31.58
MSFT,2011-01-31,31.58
MSFT,2011-01-28,31.58
MSFT,2011-01-27,31.58
MSFT,2011-01-26,31.58
MSFT,2011-01-25,31.58
MSFT,2011-01-24,31.58
MSFT,2011-01-21,31.58
MSFT,2011-01-20,31.58
MSFT,2011-01-19,31.58
MSFT,2011-01-18,31.58
MSFT,2011-01-14,31.58
MSFT,2011-01-13,31.58
MSFT,2011-01-12,31.58
MSFT,2011-01-11,31.58
MSFT,2011-01-10,31.58
MSFT,2011-01-07,31.58
MSFT,2011-01-06,31.58
MSFT,2011-01-05,31.58
MSFT,2011-01-04,31.58
MSFT,2011-01-03,31.58
MSFT,2010-12-31,31.58
MSFT,2010-12-30,31.58
MSFT,2010-12-29,31.58
MSFT,2010-12-28,31.58
MSFT,2010-12-27,31.58
MSFT,2010-12-23,31.58
MSFT,2010-12-22,31.58
MSFT,2010-12-21,31.58
MSFT,2010-12-20,31.58
MSFT,2010-12-17,31.58
MSFT,2010-12-16,31.58
MSFT,2010-12-15,31.58
MSFT,2010-12-14,31.58
MSFT,2010-12-13,31.58
MSFT,2010-12-10,31.58
MSFT,2010-12-09,31.58
MSFT,2010-12-08,31.58
MSFT,2010-12-07,31.58
MSFT,2010-12-06,31.58
MSFT,2010-12-03,31.58
MSFT,2010-12-02,31.58
MSFT,2010-12-01,31.58
MSFT,2010-11-30,31.58
MSFT,2010-11-29,31.58
MSFT,2010-11-26,31.58
MSFT,2010-11-24,31.58
MSFT,2010-11-23,31.58
MSFT,2010-11-22,31.58
MSFT,2010-11-19,31.58
MSFT,2010-11-18,31.58
MSFT,2010-11-17,31.58
MSFT,2010-11-16,31.58
MSFT,2010-11-15,31.58
MSFT,2010-11-12,31.58
MSFT,2010-11-11,31.58
MSFT,2010-11-10,31.58
MSFT,2010-11-09,31.58
MSFT,2010-11-08,31.58
MSFT,2010-11-05,31.58
MSFT,2010-11-04,31.58
MSFT,2010-11-03,31.58
MSFT,2010-11-02,31.58
MSFT,2010-11-01,31.58
MSFT,2010-10-29,31.58
MSFT,2010-10-28,31.58
MSFT,2010-10-27,31.58
MSFT,2010-10-26,31.58
MSFT,2010-10-25,31.58
MSFT,2010-10-22,31.58
MSFT,2010-10-21,31.58
MSFT,2010-10-20,31.58
MSFT,2010-10-19,31.58
MSFT,2010-10-18,31.58
MSFT,2010-10-15,31.58
MSFT,2010-10-14,31.58
MSFT,2010-10-13,31.58
MSFT,2010-10-12,31.58
MSFT,2010-10-11,31.58
MSFT,2010-10-08,31.58
MSFT,2010-10-07,31.58
MSFT,2010-10-06,31.58
MSFT,2010-10-05,31.58
MSFT,2010-10-04,31.58
MSFT,2010-10-01,31.58
MSFT,2010-09-30,31.58
MSFT,2010-09-29,31.58
MSFT,2010-09-28,31.58
MSFT,2010-09-27,31.58
MSFT,2010-09-24,31.58
MSFT,2010-09-23,31.58
MSFT,2010-09-22,31.58
MSFT,2010-09-21,31.58
MSFT,2010-09-20,31.58
MSFT,2010-09-17,31.58
MSFT,2010-09-16,31.58
MSFT,2010-09-15,31.58
MSFT,2010-09-14,31.58
MSFT,2010-09-13,31.58
MSFT,2010-09-10,31.58
MSFT,2010-09-09,31.58
MSFT,2010-09-08,31.58
MSFT,2010-09-07,31.58
MSFT,2010-09-03,31.58
MSFT,2010-09-02,31.58
MSFT,2010-09-01,31.58
MSFT,2010-08-31,31.58
MSFT,2010-08-30,31.58
MSFT,2010-08-27,31.58
MSFT,2010-08-26,31.58
MSFT,2010-08-25,31.58
MSFT,2010-08-24,31.58
MSFT,2010-08-23,31.58
MSFT,2010-08-20,31.58
MSFT,2010-08-19,31.58
MSFT,2010-08-18,31.58
MSFT,2010-08-17,31.58
MSFT,2010-08-16,31.58
MSFT,2010-08-13,31.58
MSFT,2010-08-12,31.58
MSFT,2010-08-11,31.58
MSFT,2010-08-10,31.58
MSFT,2010-08-09,31.58
MSFT,2010-08-06,31.58
MSFT,2010-08-05,31.58
MSFT,2010-08-04,31.58
MSFT,2010-08-03,31.58
MSFT,2010-08-02,31.58
MSFT,2010-07-30,31.58
MSFT,2010-07-29,31.58
MSFT,2010-07-28,31.58
MSFT,2010-07-27,31.58
MSFT,2010-07-26,31.58
MSFT,2010-07-23,31.58
MSFT,2010-07-22,31.58
MSFT,2010-07-21,31.58
MSFT,2010-07-20,31.58
MSFT,2010-07-19,31.58
MSFT,2010-07-16,31.58
MSFT,2010-07-15,31.58
MSFT,2010-07-14,31.58
MSFT,2010-07-13,31.58
MSFT,2010-07-12,31.58
MSFT,2010-07-09,31.58
MSFT,2010-07-08,31.58
MSFT,2010-07-07,31.58
MSFT,2010-07-06,31.58
MSFT,2010-07-02,31.58
MSFT,2010-07-01,31.58
MSFT,2010-06-30,31.58
MSFT,2010-06-29,31.58
MSFT,2010-06-28,31.58
MSFT,2010-06-25,31.58
MSFT,2010-06-24,31.58
MSFT,2010-06-23,31.58
MSFT,2010-06-22,31.58
MSFT,2010-06-21,31.58
MSFT,2010-06-18,31.58
MSFT,2010-06-17,31.58
MSFT,2010-06-16,31.58
MSFT,2010-06-15,31.58
MSFT,2010-06-14,31.58
MSFT,2010-06-11,31.58
MSFT,2010-06-10,31.58
MSFT,2010-06-09,31.58
MSFT,2010-06-08,31.58
MSFT,2010-06-07,31.58
MSFT,2010-06-04,31.58
MSFT,2010-06-03,31.58
MSFT,2010-06-02,31.58
MSFT,2010-06-01,31.58
MSFT,2010-05-28,31.58
MSFT,2010-05-27,31.58
MSFT,2010-05-26,31.58
MSFT,2010-05-25,31.58
MSFT,2010-05-24,31.58
MSFT,2010-05-21,31.58
MSFT,2010-05-20,31.58
MSFT,2010-05-19,31.58
MSFT,2010-05-18,31.58
MSFT,2010-05-17,31.58
MSFT,2010-05-14,31.58
MSFT,2010-05-13,31.58
MSFT,2010-05-12,31.58
MSFT,2010-05-11,31.58
MSFT,2010-05-10,31.58
MSFT,2010-05-07,31.58
MSFT,2010-05-06,31.58
MSFT,2010-05-05,31.58
MSFT,2010-05-04,31.58
MSFT,2010-05-03,31.58
MSFT,2010-04-30,31.58
MSFT,2010-04-29,31.58
MSFT,2010-04-28,31.58
MSFT,2010-04-27,31.58
MSFT,2010-04-26,31.58
MSFT,2010-04-23,31.530001
MSFT,2010-04-22,31.50
MSFT,2010-04-21,31.50
MSFT,2010-04-20,31.50
MSFT,2010-04-19,31.50
MSFT,2010-04-16,31.50
MSFT,2010-04-15,31.50
MSFT,2010-04-14,31.50
MSFT,2010-04-13,31.50
MSFT,2010-04-12,31.50
MSFT,2010-04-09,31.50
MSFT,2010-04-08,31.50
MSFT,2010-04-07,31.50
MSFT,2010-04-06,31.50
MSFT,2010-04-05,31.50
MSFT,2010-04-01,31.50
MSFT,2010-03-31,31.50
MSFT,2010-03-30,31.50
MSFT,2010-03-29,31.50
MSFT,2010-03-26,31.50
MSFT,2010-03-25,31.50
MSFT,2010-03-24,31.50
MSFT,2010-03-23,31.50
MSFT,2010-03-22,31.50
MSFT,2010-03-19,31.50
MSFT,2010-03-18,31.50
MSFT,2010-03-17,31.50
MSFT,2010-03-16,31.50
MSFT,2010-03-15,31.50
MSFT,2010-03-12,31.50
MSFT,2010-03-11,31.50
MSFT,2010-03-10,31.50
MSFT,2010-03-09,31.50
MSFT,2010-03-08,31.50
MSFT,2010-03-05,31.50
MSFT,2010-03-04,31.50
MSFT,2010-03-03,31.50
MSFT,2010-03-02,31.50
MSFT,2010-03-01,31.50
MSFT,2010-02-26,31.50
MSFT,2010-02-25,31.50
MSFT,2010-02-24,31.50
MSFT,2010-02-23,31.50
MSFT,2010-02-22,31.50
MSFT,2010-02-19,31.50
MSFT,2010-02-18,31.50
MSFT,2010-02-17,31.50
MSFT,2010-02-16,31.50
MSFT,2010-02-12,31.50
MSFT,2010-02-11,31.50
MSFT,2010-02-10,31.50
MSFT,2010-02-09,31.50
MSFT,2010-02-08,31.50
MSFT,2010-02-05,31.50
MSFT,2010-02-04,31.50
MSFT,2010-02-03,31.50
MSFT,2010-02-02,31.50
MSFT,2010-02-01,31.50
MSFT,2010-01-29,31.50
MSFT,2010-01-28,31.50
MSFT,2010-01-27,31.50
MSFT,2010-01-26,31.50
MSFT,2010-01-25,31.50
MSFT,2010-01-22,31.50
MSFT,2010-01-21,31.50
MSFT,2010-01-20,31.50
MSFT,2010-01-19,31.50
MSFT,2010-01-15,31.50
MSFT,2010-01-14,31.50
MSFT,2010-01-13,31.50
MSFT,2010-01-12,31.50
MSFT,2010-01-11,31.50
MSFT,2010-01-08,31.50
MSFT,2010-01-07,31.50
MSFT,2010-01-06,31.50
MSFT,2010-01-05,31.50
MSFT,2010-01-04,31.50
MSFT,2009-12-31,31.50
MSFT,2009-12-30,31.50
MSFT,2009-12-29,31.18
MSFT,2009-12-28,31.00
MSFT,2009-12-24,30.950001
MSFT,2009-12-23,30.93
MSFT,2009-12-22,30.84
MSFT,2009-12-21,30.450001
MSFT,2009-12-18,30.41
MSFT,2009-12-17,30.41
MSFT,2009-12-16,30.370001
MSFT,2009-12-15,30.370001
MSFT,2009-12-14,30.370001
MSFT,2009-12-11,30.370001
MSFT,2009-12-10,30.370001
MSFT,2009-12-09,30.370001
MSFT,2009-12-08,30.370001
MSFT,2009-12-07,30.370001
MSFT,2009-12-04,30.200001
MSFT,2009-12-03,30.139999
MSFT,2009-12-02,30.139999
MSFT,2009-12-01,30.139999
MSFT,2009-11-30,30.139999
MSFT,2009-11-27,30.139999
MSFT,2009-11-25,30.139999
MSFT,2009-11-24,30.139999
MSFT,2009-11-23,30.139999
MSFT,2009-11-20,30.139999
MSFT,2009-11-19,30.139999
MSFT,2009-11-18,30.00
MSFT,2009-11-17,29.799999
MSFT,2009-11-16,29.790001
MSFT,2009-11-13,29.49
MSFT,2009-11-12,29.35
MSFT,2009-11-11,29.35
MSFT,2009-11-10,29.35
MSFT,2009-11-09,29.35
MSFT,2009-11-06,29.35
MSFT,2009-11-05,29.35
MSFT,2009-11-04,29.35
MSFT,2009-11-03,29.35
MSFT,2009-11-02,29.35
MSFT,2009-10-30,29.35
MSFT,2009-10-29,29.35
MSFT,2009-10-28,29.35
MSFT,2009-10-27,29.35
MSFT,2009-10-26,29.35
MSFT,2009-10-23,26.75
MSFT,2009-10-22,26.75
MSFT,2009-10-21,26.709999
MSFT,2009-10-20,26.709999
MSFT,2009-10-19,26.709999
MSFT,2009-10-16,26.709999
MSFT,2009-10-15,26.25
MSFT,2009-10-14,26.25
MSFT,2009-10-13,26.25
MSFT,2009-10-12,26.25
MSFT,2009-10-09,26.25
MSFT,2009-10-08,27.469999
MSFT,2009-10-07,27.469999
MSFT,2009-10-06,27.469999
MSFT,2009-10-05,27.469999
MSFT,2009-10-02,27.66
MSFT,2009-10-01,27.66
MSFT,2009-09-30,27.66
MSFT,2009-09-29,27.66
MSFT,2009-09-28,27.66
MSFT,2009-09-25,27.66
MSFT,2009-09-24,27.66
MSFT,2009-09-23,27.66
MSFT,2009-09-22,27.66
MSFT,2009-09-21,27.66
MSFT,2009-09-18,27.66
MSFT,2009-09-17,27.74
MSFT,2009-09-16,27.74
MSFT,2009-09-15,27.74
MSFT,2009-09-14,27.74
MSFT,2009-09-11,27.74
MSFT,2009-09-10,27.74
MSFT,2009-09-09,27.74
MSFT,2009-09-08,27.74
MSFT,2009-09-04,27.76
MSFT,2009-09-03,27.780001
MSFT,2009-09-02,28.01
MSFT,2009-09-01,28.01
MSFT,2009-08-31,28.01
MSFT,2009-08-28,28.01
MSFT,2009-08-27,28.01
MSFT,2009-08-26,28.01
MSFT,2009-08-25,28.01
MSFT,2009-08-24,28.01
MSFT,2009-08-21,28.049999
MSFT,2009-08-20,28.15
MSFT,2009-08-19,28.280001
MSFT,2009-08-18,28.50
MSFT,2009-08-17,28.50
MSFT,2009-08-14,28.50
MSFT,2009-08-13,28.50
MSFT,2009-08-12,28.50
MSFT,2009-08-11,28.50
MSFT,2009-08-10,28.50
MSFT,2009-08-07,28.50
MSFT,2009-08-06,28.50
MSFT,2009-08-05,28.50
MSFT,2009-08-04,28.50
MSFT,2009-08-03,28.50
MSFT,2009-07-31,28.50
MSFT,2009-07-30,28.50
MSFT,2009-07-29,28.50
MSFT,2009-07-28,28.50
MSFT,2009-07-27,28.50
MSFT,2009-07-24,28.50
MSFT,2009-07-23,28.50
MSFT,2009-07-22,28.50
MSFT,2009-07-21,28.50
MSFT,2009-07-20,28.50
MSFT,2009-07-17,28.50
MSFT,2009-07-16,28.50
MSFT,2009-07-15,28.50
MSFT,2009-07-14,28.50
MSFT,2009-07-13,28.50
MSFT,2009-07-10,28.50
MSFT,2009-07-09,28.50
MSFT,2009-07-08,28.50
MSFT,2009-07-07,28.50
MSFT,2009-07-06,28.50
MSFT,2009-07-02,28.50
MSFT,2009-07-01,28.50
MSFT,2009-06-30,28.67
MSFT,2009-06-29,28.67
MSFT,2009-06-26,28.67
MSFT,2009-06-25,28.92
MSFT,2009-06-24,29.190001
MSFT,2009-06-23,29.190001
MSFT,2009-06-22,29.190001
MSFT,2009-06-19,29.190001
MSFT,2009-06-18,29.57
MSFT,2009-06-17,29.57
MSFT,2009-06-16,29.57
MSFT,2009-06-15,29.57
MSFT,2009-06-12,29.57
MSFT,2009-06-11,29.57
MSFT,2009-06-10,29.57
MSFT,2009-06-09,29.57
MSFT,2009-06-08,29.57
MSFT,2009-06-05,29.57
MSFT,2009-06-04,29.57
MSFT,2009-06-03,29.57
MSFT,2009-06-02,29.57
MSFT,2009-06-01,29.57
MSFT,2009-05-29,29.57
MSFT,2009-05-28,29.57
MSFT,2009-05-27,29.57
MSFT,2009-05-26,29.57
MSFT,2009-05-22,29.889999
MSFT,2009-05-21,30.48
MSFT,2009-05-20,30.530001
MSFT,2009-05-19,30.530001
MSFT,2009-05-18,30.530001
MSFT,2009-05-15,30.530001
MSFT,2009-05-14,30.530001
MSFT,2009-05-13,30.530001
MSFT,2009-05-12,30.530001
MSFT,2009-05-11,30.530001
MSFT,2009-05-08,30.530001
MSFT,2009-05-07,30.530001
MSFT,2009-05-06,30.530001
MSFT,2009-05-05,30.530001
MSFT,2009-05-04,30.530001
MSFT,2009-05-01,30.530001
MSFT,2009-04-30,30.530001
MSFT,2009-04-29,32.099998
MSFT,2009-04-28,32.099998
MSFT,2009-04-27,32.099998
MSFT,2009-04-24,32.099998
MSFT,2009-04-23,32.099998
MSFT,2009-04-22,32.099998
MSFT,2009-04-21,32.099998
MSFT,2009-04-20,32.099998
MSFT,2009-04-17,32.099998
MSFT,2009-04-16,32.099998
MSFT,2009-04-15,32.099998
MSFT,2009-04-14,32.099998
MSFT,2009-04-13,32.099998
MSFT,2009-04-09,32.099998
MSFT,2009-04-08,32.099998
MSFT,2009-04-07,32.099998
MSFT,2009-04-06,32.099998
MSFT,2009-04-03,32.099998
MSFT,2009-04-02,32.099998
MSFT,2009-04-01,32.099998
MSFT,2009-03-31,32.099998
MSFT,2009-03-30,32.099998
MSFT,2009-03-27,32.099998
MSFT,2009-03-26,32.099998
MSFT,2009-03-25,32.099998
MSFT,2009-03-24,32.099998
MSFT,2009-03-23,32.099998
MSFT,2009-03-20,32.099998
MSFT,2009-03-19,32.099998
MSFT,2009-03-18,32.099998
MSFT,2009-03-17,32.099998
MSFT,2009-03-16,32.099998
MSFT,2009-03-13,32.099998
MSFT,2009-03-12,32.099998
MSFT,2009-03-11,32.099998
MSFT,2009-03-10,32.099998
MSFT,2009-03-09,32.099998
MSFT,2009-03-06,32.099998
MSFT,2009-03-05,32.099998
MSFT,2009-03-04,32.099998
MSFT,2009-03-03,32.099998
MSFT,2009-03-02,32.099998
MSFT,2009-02-27,32.099998
MSFT,2009-02-26,32.099998
MSFT,2009-02-25,32.099998
MSFT,2009-02-24,32.099998
MSFT,2009-02-23,32.099998
MSFT,2009-02-20,32.099998
MSFT,2009-02-19,32.099998
MSFT,2009-02-18,32.099998
MSFT,2009-02-17,32.099998
MSFT,2009-02-13,32.099998
MSFT,2009-02-12,32.099998
MSFT,2009-02-11,32.099998
MSFT,2009-02-10,32.099998
MSFT,2009-02-09,32.099998
MSFT,2009-02-06,32.099998
MSFT,2009-02-05,33.25
MSFT,2009-02-04,33.25
MSFT,2009-02-03,33.25
MSFT,2009-02-02,33.25
MSFT,2009-01-30,33.25
MSFT,2009-01-29,35.00
MSFT,2009-01-28,35.00
MSFT,2009-01-27,35.00
MSFT,2009-01-26,35.00
MSFT,2009-01-23,35.00
MSFT,2009-01-22,35.00
MSFT,2009-01-21,35.00
MSFT,2009-01-20,35.00
MSFT,2009-01-16,35.00
MSFT,2009-01-15,35.00
MSFT,2009-01-14,35.00
MSFT,2009-01-13,35.00
MSFT,2009-01-12,35.00
MSFT,2009-01-09,35.00
MSFT,2009-01-08,35.200001
MSFT,2009-01-07,35.650002
MSFT,2009-01-06,35.959999
MSFT,2009-01-05,35.990002
MSFT,2009-01-02,36.23
MSFT,2008-12-31,36.549999
MSFT,2008-12-30,36.639999
MSFT,2008-12-29,36.720001
MSFT,2008-12-26,36.720001
MSFT,2008-12-24,36.720001
MSFT,2008-12-23,36.720001
MSFT,2008-12-22,36.720001
MSFT,2008-12-19,36.720001
MSFT,2008-12-18,36.720001
MSFT,2008-12-17,36.720001
MSFT,2008-12-16,36.720001
MSFT,2008-12-15,36.720001
MSFT,2008-12-12,36.720001
MSFT,2008-12-11,36.720001
MSFT,2008-12-10,36.720001
MSFT,2008-12-09,36.720001
MSFT,2008-12-08,36.720001
MSFT,2008-12-05,36.720001
MSFT,2008-12-04,36.720001
MSFT,2008-12-03,36.720001
MSFT,2008-12-02,36.720001
MSFT,2008-12-01,36.720001
MSFT,2008-11-28,36.720001
MSFT,2008-11-26,36.720001
MSFT,2008-11-25,36.720001
MSFT,2008-11-24,36.720001
MSFT,2008-11-21,36.720001
MSFT,2008-11-20,36.720001
MSFT,2008-11-19,36.720001
MSFT,2008-11-18,36.720001
MSFT,2008-11-17,36.720001
MSFT,2008-11-14,36.720001
MSFT,2008-11-13,36.720001
MSFT,2008-11-12,36.720001
MSFT,2008-11-11,36.720001
MSFT,2008-11-10,36.720001
MSFT,2008-11-07,37.099998
MSFT,2008-11-06,37.50
MSFT,2008-11-05,37.50
MSFT,2008-11-04,37.50
MSFT,2008-11-03,37.50
MSFT,2008-10-31,37.50
MSFT,2008-10-30,37.50
MSFT,2008-10-29,37.50
MSFT,2008-10-28,37.50
MSFT,2008-10-27,37.50
MSFT,2008-10-24,37.50
MSFT,2008-10-23,37.50
MSFT,2008-10-22,37.50
MSFT,2008-10-21,37.50
MSFT,2008-10-20,37.50
MSFT,2008-10-17,37.50
MSFT,2008-10-16,37.50
MSFT,2008-10-15,37.50
MSFT,2008-10-14,37.50
MSFT,2008-10-13,37.50
MSFT,2008-10-10,37.50
MSFT,2008-10-09,37.50
MSFT,2008-10-08,37.50
MSFT,2008-10-07,37.50
MSFT,2008-10-06,37.50
MSFT,2008-10-03,37.50
MSFT,2008-10-02,37.50
MSFT,2008-10-01,37.50
MSFT,2008-09-30,37.50
MSFT,2008-09-29,37.50
MSFT,2008-09-26,37.50
MSFT,2008-09-25,37.50
MSFT,2008-09-24,37.50
MSFT,2008-09-23,37.50
MSFT,2008-09-22,37.50
MSFT,2008-09-19,37.50
MSFT,2008-09-18,37.50
MSFT,2008-09-17,37.50
MSFT,2008-09-16,37.50
MSFT,2008-09-15,37.50
MSFT,2008-09-12,37.50
MSFT,2008-09-11,37.50
MSFT,2008-09-10,37.50
MSFT,2008-09-09,37.50
MSFT,2008-09-08,37.50
MSFT,2008-09-05,37.50
MSFT,2008-09-04,37.50
MSFT,2008-09-03,37.50
MSFT,2008-09-02,37.50
MSFT,2008-08-29,37.50
MSFT,2008-08-28,37.50
MSFT,2008-08-27,37.50
MSFT,2008-08-26,37.50
MSFT,2008-08-25,37.50
MSFT,2008-08-22,37.50
MSFT,2008-08-21,37.50
MSFT,2008-08-20,37.50
MSFT,2008-08-19,37.50
MSFT,2008-08-18,37.50
MSFT,2008-08-15,37.50
MSFT,2008-08-14,37.50
MSFT,2008-08-13,37.50
MSFT,2008-08-12,37.50
MSFT,2008-08-11,37.50
MSFT,2008-08-08,37.50
MSFT,2008-08-07,37.50
MSFT,2008-08-06,37.50
MSFT,2008-08-05,37.50
MSFT,2008-08-04,37.50
MSFT,2008-08-01,37.50
MSFT,2008-07-31,37.50
MSFT,2008-07-30,37.50
MSFT,2008-07-29,37.50
MSFT,2008-07-28,37.50
MSFT,2008-07-25,37.50
MSFT,2008-07-24,37.50
MSFT,2008-07-23,37.50
MSFT,2008-07-22,37.50
MSFT,2008-07-21,37.50
MSFT,2008-07-18,37.50
MSFT,2008-07-17,37.50
MSFT,2008-07-16,37.50
MSFT,2008-07-15,37.50
MSFT,2008-07-14,37.50
MSFT,2008-07-11,37.50
MSFT,2008-07-10,37.50
MSFT,2008-07-09,37.50
MSFT,2008-07-08,37.50
MSFT,2008-07-07,37.50
MSFT,2008-07-03,37.50
MSFT,2008-07-02,37.50
MSFT,2008-07-01,37.50
MSFT,2008-06-30,37.50
MSFT,2008-06-27,37.50
MSFT,2008-06-26,37.50
MSFT,2008-06-25,37.50
MSFT,2008-06-24,37.50
MSFT,2008-06-23,37.50
MSFT,2008-06-20,37.50
MSFT,2008-06-19,37.50
MSFT,2008-06-18,37.50
MSFT,2008-06-17,37.50
MSFT,2008-06-16,37.50
MSFT,2008-06-13,37.50
MSFT,2008-06-12,37.50
MSFT,2008-06-11,37.50
MSFT,2008-06-10,37.50
MSFT,2008-06-09,37.50
MSFT,2008-06-06,37.50
MSFT,2008-06-05,37.50
MSFT,2008-06-04,37.50
MSFT,2008-06-03,37.50
MSFT,2008-06-02,37.50
MSFT,2008-05-30,37.50
MSFT,2008-05-29,37.50
MSFT,2008-05-28,37.50
MSFT,2008-05-27,37.50
MSFT,2008-05-23,37.50
MSFT,2008-05-22,37.50
MSFT,2008-05-21,37.50
MSFT,2008-05-20,37.50
MSFT,2008-05-19,37.50
MSFT,2008-05-16,37.50
MSFT,2008-05-15,37.50
MSFT,2008-05-14,37.50
MSFT,2008-05-13,37.50
MSFT,2008-05-12,37.50
MSFT,2008-05-09,37.50
MSFT,2008-05-08,37.50
MSFT,2008-05-07,37.50
MSFT,2008-05-06,37.50
MSFT,2008-05-05,37.50
MSFT,2008-05-02,37.50
MSFT,2008-05-01,37.50
MSFT,2008-04-30,37.50
MSFT,2008-04-29,37.50
MSFT,2008-04-28,37.50
MSFT,2008-04-25,37.50
MSFT,2008-04-24,37.50
MSFT,2008-04-23,37.50
MSFT,2008-04-22,37.50
MSFT,2008-04-21,37.50
MSFT,2008-04-18,37.50
MSFT,2008-04-17,37.50
MSFT,2008-04-16,37.50
MSFT,2008-04-15,37.50
MSFT,2008-04-14,37.50
MSFT,2008-04-11,37.50
MSFT,2008-04-10,37.50
MSFT,2008-04-09,37.50
MSFT,2008-04-08,37.50
MSFT,2008-04-07,37.50
MSFT,2008-04-04,37.50
MSFT,2008-04-03,37.50
MSFT,2008-04-02,37.50
MSFT,2008-04-01,37.50
MSFT,2008-03-31,37.50
MSFT,2008-03-28,37.50
MSFT,2008-03-27,37.50
MSFT,2008-03-26,37.50
MSFT,2008-03-25,37.50
MSFT,2008-03-24,37.50
MSFT,2008-03-20,37.50
MSFT,2008-03-19,37.50
MSFT,2008-03-18,37.50
MSFT,2008-03-17,37.50
MSFT,2008-03-14,37.50
MSFT,2008-03-13,37.50
MSFT,2008-03-12,37.50
MSFT,2008-03-11,37.50
MSFT,2008-03-10,37.50
MSFT,2008-03-07,37.50
MSFT,2008-03-06,37.50
MSFT,2008-03-05,37.50
MSFT,2008-03-04,37.50
MSFT,2008-03-03,37.50
MSFT,2008-02-29,37.50
MSFT,2008-02-28,37.50
MSFT,2008-02-27,37.50
MSFT,2008-02-26,37.50
MSFT,2008-02-25,37.50
MSFT,2008-02-22,37.50
MSFT,2008-02-21,37.50
MSFT,2008-02-20,37.50
MSFT,2008-02-19,37.50
MSFT,2008-02-15,37.50
MSFT,2008-02-14,37.50
MSFT,2008-02-13,37.50
MSFT,2008-02-12,37.50
MSFT,2008-02-11,37.50
MSFT,2008-02-08,37.50
MSFT,2008-02-07,37.50
MSFT,2008-02-06,37.50
MSFT,2008-02-05,37.50
MSFT,2008-02-04,37.50
MSFT,2008-02-01,37.50
MSFT,2008-01-31,37.50
MSFT,2008-01-30,37.50
MSFT,2008-01-29,37.50
MSFT,2008-01-28,37.50
MSFT,2008-01-25,37.50
MSFT,2008-01-24,37.50
MSFT,2008-01-23,37.50
MSFT,2008-01-22,37.50
MSFT,2008-01-18,37.50
MSFT,2008-01-17,37.50
MSFT,2008-01-16,37.50
MSFT,2008-01-15,37.50
MSFT,2008-01-14,37.50
MSFT,2008-01-11,37.50
MSFT,2008-01-10,37.50
MSFT,2008-01-09,37.50
MSFT,2008-01-08,37.50
MSFT,2008-01-07,37.50
MSFT,2008-01-04,37.50
MSFT,2008-01-03,37.50
MSFT,2008-01-02,37.50
MSFT,2007-12-31,37.50
MSFT,2007-12-28,37.50
MSFT,2007-12-27,37.50
MSFT,2007-12-26,37.50
MSFT,2007-12-24,37.50
MSFT,2007-12-21,37.50
MSFT,2007-12-20,37.50
MSFT,2007-12-19,37.50
MSFT,2007-12-18,37.50
MSFT,2007-12-17,37.50
MSFT,2007-12-14,37.50
MSFT,2007-12-13,37.50
MSFT,2007-12-12,37.50
MSFT,2007-12-11,37.50
MSFT,2007-12-10,37.50
MSFT,2007-12-07,37.50
MSFT,2007-12-06,37.50
MSFT,2007-12-05,37.50
MSFT,2007-12-04,37.50
MSFT,2007-12-03,37.50
MSFT,2007-11-30,37.50
MSFT,2007-11-29,37.50
MSFT,2007-11-28,37.50
MSFT,2007-11-27,37.50
MSFT,2007-11-26,37.50
MSFT,2007-11-23,37.50
MSFT,2007-11-21,37.50
MSFT,2007-11-20,37.50
MSFT,2007-11-19,37.50
MSFT,2007-11-16,37.50
MSFT,2007-11-15,37.50
MSFT,2007-11-14,37.50
MSFT,2007-11-13,37.50
MSFT,2007-11-12,37.50
MSFT,2007-11-09,37.50
MSFT,2007-11-08,37.50
MSFT,2007-11-07,37.50
MSFT,2007-11-06,37.50
MSFT,2007-11-05,37.50
MSFT,2007-11-02,37.490002
MSFT,2007-11-01,37.00
MSFT,2007-10-31,36.029999
MSFT,2007-10-30,36.029999
MSFT,2007-10-29,36.029999
MSFT,2007-10-26,32.220001
MSFT,2007-10-25,31.84
MSFT,2007-10-24,31.84
MSFT,2007-10-23,31.84
MSFT,2007-10-22,31.84
MSFT,2007-10-19,31.84
MSFT,2007-10-18,31.84
MSFT,2007-10-17,31.84
MSFT,2007-10-16,31.84
MSFT,2007-10-15,31.84
MSFT,2007-10-12,31.84
MSFT,2007-10-11,31.84
MSFT,2007-10-10,31.84
MSFT,2007-10-09,31.84
MSFT,2007-10-08,31.84
MSFT,2007-10-05,31.84
MSFT,2007-10-04,31.84
MSFT,2007-10-03,31.84
MSFT,2007-10-02,31.84
MSFT,2007-10-01,31.84
MSFT,2007-09-28,31.84
MSFT,2007-09-27,31.84
MSFT,2007-09-26,31.84
MSFT,2007-09-25,31.84
MSFT,2007-09-24,31.84
MSFT,2007-09-21,31.84
MSFT,2007-09-20,31.84
MSFT,2007-09-19,31.84
MSFT,2007-09-18,31.84
MSFT,2007-09-17,31.84
MSFT,2007-09-14,31.84
MSFT,2007-09-13,31.84
MSFT,2007-09-12,31.84
MSFT,2007-09-11,31.84
MSFT,2007-09-10,31.84
MSFT,2007-09-07,31.84
MSFT,2007-09-06,31.84
MSFT,2007-09-05,31.84
MSFT,2007-09-04,31.84
MSFT,2007-08-31,31.84
MSFT,2007-08-30,31.84
MSFT,2007-08-29,31.84
MSFT,2007-08-28,31.84
MSFT,2007-08-27,31.84
MSFT,2007-08-24,31.84
MSFT,2007-08-23,31.84
MSFT,2007-08-22,31.84
MSFT,2007-08-21,31.84
MSFT,2007-08-20,31.84
MSFT,2007-08-17,31.84
MSFT,2007-08-16,31.84
MSFT,2007-08-15,31.84
MSFT,2007-08-14,31.84
MSFT,2007-08-13,31.84
MSFT,2007-08-10,31.84
MSFT,2007-08-09,31.84
MSFT,2007-08-08,31.84
MSFT,2007-08-07,31.84
MSFT,2007-08-06,31.84
MSFT,2007-08-03,31.84
MSFT,2007-08-02,31.84
MSFT,2007-08-01,31.84
MSFT,2007-07-31,31.84
MSFT,2007-07-30,31.84
MSFT,2007-07-27,31.84
MSFT,2007-07-26,31.84
MSFT,2007-07-25,31.84
MSFT,2007-07-24,31.84
MSFT,2007-07-23,31.84
MSFT,2007-07-20,31.84
MSFT,2007-07-19,31.48
MSFT,2007-07-18,31.48
MSFT,2007-07-17,31.48
MSFT,2007-07-16,31.48
MSFT,2007-07-13,31.48
MSFT,2007-07-12,31.48
MSFT,2007-07-11,31.48
MSFT,2007-07-10,31.48
MSFT,2007-07-09,31.48
MSFT,2007-07-06,31.48
MSFT,2007-07-05,31.48
MSFT,2007-07-03,31.48
MSFT,2007-07-02,31.48
MSFT,2007-06-29,31.48
MSFT,2007-06-28,31.48
MSFT,2007-06-27,31.48
MSFT,2007-06-26,31.48
MSFT,2007-06-25,31.48
MSFT,2007-06-22,31.48
MSFT,2007-06-21,31.48
MSFT,2007-06-20,31.48
MSFT,2007-06-19,31.48
MSFT,2007-06-18,31.48
MSFT,2007-06-15,31.48
MSFT,2007-06-14,31.48
MSFT,2007-06-13,31.48
MSFT,2007-06-12,31.48
MSFT,2007-06-11,31.48
MSFT,2007-06-08,31.48
MSFT,2007-06-07,31.48
MSFT,2007-06-06,31.48
MSFT,2007-06-05,31.48
MSFT,2007-06-04,31.48
MSFT,2007-06-01,31.48
MSFT,2007-05-31,31.48
MSFT,2007-05-30,31.48
MSFT,2007-05-29,31.48
MSFT,2007-05-25,31.48
MSFT,2007-05-24,31.48
MSFT,2007-05-23,31.48
MSFT,2007-05-22,31.48
MSFT,2007-05-21,31.48
MSFT,2007-05-18,31.48
MSFT,2007-05-17,31.48
MSFT,2007-05-16,31.48
MSFT,2007-05-15,31.48
MSFT,2007-05-14,31.48
MSFT,2007-05-11,31.48
MSFT,2007-05-10,31.48
MSFT,2007-05-09,31.48
MSFT,2007-05-08,31.48
MSFT,2007-05-07,31.48
MSFT,2007-05-04,31.48
MSFT,2007-05-03,31.48
MSFT,2007-05-02,31.48
MSFT,2007-05-01,31.48
MSFT,2007-04-30,31.48
MSFT,2007-04-27,31.48
MSFT,2007-04-26,31.48
MSFT,2007-04-25,31.48
MSFT,2007-04-24,31.48
MSFT,2007-04-23,31.48
MSFT,2007-04-20,31.48
MSFT,2007-04-19,31.48
MSFT,2007-04-18,31.48
MSFT,2007-04-17,31.48
MSFT,2007-04-16,31.48
MSFT,2007-04-13,31.48
MSFT,2007-04-12,31.48
MSFT,2007-04-11,31.48
MSFT,2007-04-10,31.48
MSFT,2007-04-09,31.48
MSFT,2007-04-05,31.48
MSFT,2007-04-04,31.48
MSFT,2007-04-03,31.48
MSFT,2007-04-02,31.48
MSFT,2007-03-30,31.48
MSFT,2007-03-29,31.48
MSFT,2007-03-28,31.48
MSFT,2007-03-27,31.48
MSFT,2007-03-26,31.48
MSFT,2007-03-23,31.48
MSFT,2007-03-22,31.48
MSFT,2007-03-21,31.48
MSFT,2007-03-20,31.48
MSFT,2007-03-19,31.48
MSFT,2007-03-16,31.48
MSFT,2007-03-15,31.48
MSFT,2007-03-14,31.48
MSFT,2007-03-13,31.48
MSFT,2007-03-12,31.48
MSFT,2007-03-09,31.48
MSFT,2007-03-08,31.48
MSFT,2007-03-07,31.48
MSFT,2007-03-06,31.48
MSFT,2007-03-05,31.48
MSFT,2007-03-02,31.48
MSFT,2007-03-01,31.48
MSFT,2007-02-28,31.48
MSFT,2007-02-27,31.48
MSFT,2007-02-26,31.48
MSFT,2007-02-23,31.48
MSFT,2007-02-22,31.48
MSFT,2007-02-21,31.48
MSFT,2007-02-20,31.48
MSFT,2007-02-16,31.48
MSFT,2007-02-15,31.48
MSFT,2007-02-14,31.48
MSFT,2007-02-13,31.48
MSFT,2007-02-12,31.48
MSFT,2007-02-09,31.48
MSFT,2007-02-08,31.48
MSFT,2007-02-07,31.48
MSFT,2007-02-06,31.48
MSFT,2007-02-05,31.48
MSFT,2007-02-02,31.48
MSFT,2007-02-01,31.48
MSFT,2007-01-31,31.48
MSFT,2007-01-30,31.48
MSFT,2007-01-29,31.48
MSFT,2007-01-26,31.48
MSFT,2007-01-25,31.450001
MSFT,2007-01-24,31.450001
MSFT,2007-01-23,31.450001
MSFT,2007-01-22,31.450001
MSFT,2007-01-19,31.450001
MSFT,2007-01-18,31.450001
MSFT,2007-01-17,31.450001
MSFT,2007-01-16,31.389999
MSFT,2007-01-12,30.75
MSFT,2007-01-11,30.26
MSFT,2007-01-10,30.26
MSFT,2007-01-09,30.26
MSFT,2007-01-08,30.26
MSFT,2007-01-05,30.26
MSFT,2007-01-04,30.26
MSFT,2007-01-03,30.26
MSFT,2006-12-29,30.26
MSFT,2006-12-28,30.26
MSFT,2006-12-27,30.26
MSFT,2006-12-26,30.26
MSFT,2006-12-22,30.26
MSFT,2006-12-21,30.26
MSFT,2006-12-20,30.26
MSFT,2006-12-19,30.26
MSFT,2006-12-18,30.23
MSFT,2006-12-15,30.08
MSFT,2006-12-14,30.00
MSFT,2006-12-13,30.00
MSFT,2006-12-12,30.00
MSFT,2006-12-11,30.00
MSFT,2006-12-08,30.00
MSFT,2006-12-07,30.00
MSFT,2006-12-06,30.00
MSFT,2006-12-05,30.00
MSFT,2006-12-04,30.00
MSFT,2006-12-01,30.00
MSFT,2006-11-30,30.00
MSFT,2006-11-29,30.00
MSFT,2006-11-28,30.00
MSFT,2006-11-27,30.00
MSFT,2006-11-24,30.00
MSFT,2006-11-22,30.00
MSFT,2006-11-21,30.00
MSFT,2006-11-20,29.639999
MSFT,2006-11-17,29.639999
MSFT,2006-11-16,29.459999
MSFT,2006-11-15,29.459999
MSFT,2006-11-14,29.459999
MSFT,2006-11-13,29.40
MSFT,2006-11-10,29.40
MSFT,2006-11-09,29.23
MSFT,2006-11-08,29.07
MSFT,2006-11-07,29.049999
MSFT,2006-11-06,28.99
MSFT,2006-11-03,28.99
MSFT,2006-11-02,28.99
MSFT,2006-11-01,28.85
MSFT,2006-10-31,28.84
MSFT,2006-10-30,28.790001
MSFT,2006-10-27,28.700001
MSFT,2006-10-26,28.700001
MSFT,2006-10-25,28.700001
MSFT,2006-10-24,28.700001
MSFT,2006-10-23,28.700001
MSFT,2006-10-20,28.700001
MSFT,2006-10-19,28.700001
MSFT,2006-10-18,28.690001
MSFT,2006-10-17,28.690001
MSFT,2006-10-16,28.690001
MSFT,2006-10-13,28.379999
MSFT,2006-10-12,28.379999
MSFT,2006-10-11,28.379999
MSFT,2006-10-10,28.379999
MSFT,2006-10-09,28.379999
MSFT,2006-10-06,28.379999
MSFT,2006-10-05,28.379999
MSFT,2006-10-04,28.379999
MSFT,2006-10-03,28.379999
MSFT,2006-10-02,28.379999
MSFT,2006-09-29,28.379999
MSFT,2006-09-28,28.379999
MSFT,2006-09-27,28.379999
MSFT,2006-09-26,28.379999
MSFT,2006-09-25,28.379999
MSFT,2006-09-22,28.379999
MSFT,2006-09-21,28.379999
MSFT,2006-09-20,28.379999
MSFT,2006-09-19,28.379999
MSFT,2006-09-18,28.379999
MSFT,2006-09-15,28.379999
MSFT,2006-09-14,28.379999
MSFT,2006-09-13,28.379999
MSFT,2006-09-12,28.379999
MSFT,2006-09-11,28.379999
MSFT,2006-09-08,28.379999
MSFT,2006-09-07,28.379999
MSFT,2006-09-06,28.379999
MSFT,2006-09-05,28.379999
MSFT,2006-09-01,28.379999
MSFT,2006-08-31,28.379999
MSFT,2006-08-30,28.379999
MSFT,2006-08-29,28.379999
MSFT,2006-08-28,28.379999
MSFT,2006-08-25,28.379999
MSFT,2006-08-24,28.379999
MSFT,2006-08-23,28.379999
MSFT,2006-08-22,28.379999
MSFT,2006-08-21,28.379999
MSFT,2006-08-18,28.379999
MSFT,2006-08-17,28.379999
MSFT,2006-08-16,28.379999
MSFT,2006-08-15,28.379999
MSFT,2006-08-14,28.379999
MSFT,2006-08-11,28.379999
MSFT,2006-08-10,28.379999
MSFT,2006-08-09,28.379999
MSFT,2006-08-08,28.379999
MSFT,2006-08-07,28.379999
MSFT,2006-08-04,28.379999
MSFT,2006-08-03,28.379999
MSFT,2006-08-02,28.379999
MSFT,2006-08-01,28.379999
MSFT,2006-07-31,28.379999
MSFT,2006-07-28,28.379999
MSFT,2006-07-27,28.379999
MSFT,2006-07-26,28.379999
MSFT,2006-07-25,28.379999
MSFT,2006-07-24,28.379999
MSFT,2006-07-21,28.379999
MSFT,2006-07-20,28.379999
MSFT,2006-07-19,28.379999
MSFT,2006-07-18,28.379999
MSFT,2006-07-17,28.379999
MSFT,2006-07-14,28.379999
MSFT,2006-07-13,28.379999
MSFT,2006-07-12,28.379999
MSFT,2006-07-11,28.379999
MSFT,2006-07-10,28.379999
MSFT,2006-07-07,28.379999
MSFT,2006-07-06,28.379999
MSFT,2006-07-05,28.379999
MSFT,2006-07-03,28.379999
MSFT,2006-06-30,28.379999
MSFT,2006-06-29,28.379999
MSFT,2006-06-28,28.379999
MSFT,2006-06-27,28.379999
MSFT,2006-06-26,28.379999
MSFT,2006-06-23,28.379999
MSFT,2006-06-22,28.379999
MSFT,2006-06-21,28.379999
MSFT,2006-06-20,28.379999
MSFT,2006-06-19,28.379999
MSFT,2006-06-16,28.379999
MSFT,2006-06-15,28.379999
MSFT,2006-06-14,28.379999
MSFT,2006-06-13,28.379999
MSFT,2006-06-12,28.379999
MSFT,2006-06-09,28.379999
MSFT,2006-06-08,28.379999
MSFT,2006-06-07,28.379999
MSFT,2006-06-06,28.379999
MSFT,2006-06-05,28.379999
MSFT,2006-06-02,28.379999
MSFT,2006-06-01,28.379999
MSFT,2006-05-31,28.379999
MSFT,2006-05-30,28.379999
MSFT,2006-05-26,28.379999
MSFT,2006-05-25,28.379999
MSFT,2006-05-24,28.379999
MSFT,2006-05-23,28.379999
MSFT,2006-05-22,28.379999
MSFT,2006-05-19,28.379999
MSFT,2006-05-18,28.379999
MSFT,2006-05-17,28.379999
MSFT,2006-05-16,28.379999
MSFT,2006-05-15,28.379999
MSFT,2006-05-12,28.379999
MSFT,2006-05-11,28.379999
MSFT,2006-05-10,28.379999
MSFT,2006-05-09,28.379999
MSFT,2006-05-08,28.379999
MSFT,2006-05-05,28.379999
MSFT,2006-05-04,28.379999
MSFT,2006-05-03,28.379999
MSFT,2006-05-02,28.379999
MSFT,2006-05-01,28.379999
MSFT,2006-04-28,28.379999
MSFT,2006-04-27,28.379999
MSFT,2006-04-26,28.379999
MSFT,2006-04-25,28.379999
MSFT,2006-04-24,28.379999
MSFT,2006-04-21,28.379999
MSFT,2006-04-20,28.379999
MSFT,2006-04-19,28.379999
MSFT,2006-04-18,28.379999
MSFT,2006-04-17,28.379999
MSFT,2006-04-13,28.379999
MSFT,2006-04-12,28.379999
MSFT,2006-04-11,28.379999
MSFT,2006-04-10,28.379999
MSFT,2006-04-07,28.379999
MSFT,2006-04-06,28.379999
MSFT,2006-04-05,28.379999
MSFT,2006-04-04,28.379999
MSFT,2006-04-03,28.379999
MSFT,2006-03-31,28.379999
MSFT,2006-03-30,28.379999
MSFT,2006-03-29,28.379999
MSFT,2006-03-28,28.379999
MSFT,2006-03-27,28.379999
MSFT,2006-03-24,28.379999
MSFT,2006-03-23,28.379999
MSFT,2006-03-22,28.379999
MSFT,2006-03-21,28.379999
MSFT,2006-03-20,28.379999
MSFT,2006-03-17,28.379999
MSFT,2006-03-16,28.379999
MSFT,2006-03-15,28.379999
MSFT,2006-03-14,28.379999
MSFT,2006-03-13,28.379999
MSFT,2006-03-10,28.379999
MSFT,2006-03-09,28.379999
MSFT,2006-03-08,28.379999
MSFT,2006-03-07,28.379999
MSFT,2006-03-06,28.379999
MSFT,2006-03-03,28.379999
MSFT,2006-03-02,28.379999
MSFT,2006-03-01,28.379999
MSFT,2006-02-28,28.379999
MSFT,2006-02-27,28.379999
MSFT,2006-02-24,28.379999
MSFT,2006-02-23,28.379999
MSFT,2006-02-22,28.379999
MSFT,2006-02-21,28.379999
MSFT,2006-02-17,28.379999
MSFT,2006-02-16,28.379999
MSFT,2006-02-15,28.379999
MSFT,2006-02-14,28.379999
MSFT,2006-02-13,28.379999
MSFT,2006-02-10,28.379999
MSFT,2006-02-09,28.379999
MSFT,2006-02-08,28.379999
MSFT,2006-02-07,28.379999
MSFT,2006-02-06,28.379999
MSFT,2006-02-03,28.379999
MSFT,2006-02-02,28.379999
MSFT,2006-02-01,28.379999
MSFT,2006-01-31,28.25
MSFT,2006-01-30,28.25
MSFT,2006-01-27,28.25
MSFT,2006-01-26,28.25
MSFT,2006-01-25,28.25
MSFT,2006-01-24,28.25
MSFT,2006-01-23,28.25
MSFT,2006-01-20,28.25
MSFT,2006-01-19,28.25
MSFT,2006-01-18,28.25
MSFT,2006-01-17,28.25
MSFT,2006-01-13,28.25
MSFT,2006-01-12,28.25
MSFT,2006-01-11,28.25
MSFT,2006-01-10,28.25
MSFT,2006-01-09,28.25
MSFT,2006-01-06,28.25
MSFT,2006-01-05,28.25
MSFT,2006-01-04,28.25
MSFT,2006-01-03,28.25
MSFT,2005-12-30,28.25
MSFT,2005-12-29,28.25
MSFT,2005-12-28,28.25
MSFT,2005-12-27,28.25
MSFT,2005-12-23,28.25
MSFT,2005-12-22,28.25
MSFT,2005-12-21,28.25
MSFT,2005-12-20,28.25
MSFT,2005-12-19,28.25
MSFT,2005-12-16,28.25
MSFT,2005-12-15,28.25
MSFT,2005-12-14,28.25
MSFT,2005-12-13,28.25
MSFT,2005-12-12,28.25
MSFT,2005-12-09,28.25
MSFT,2005-12-08,28.25
MSFT,2005-12-07,28.25
MSFT,2005-12-06,28.25
MSFT,2005-12-05,28.25
MSFT,2005-12-02,28.25
MSFT,2005-12-01,28.25
MSFT,2005-11-30,28.25
MSFT,2005-11-29,28.25
MSFT,2005-11-28,28.25
MSFT,2005-11-25,28.25
MSFT,2005-11-23,28.25
MSFT,2005-11-22,28.25
MSFT,2005-11-21,28.25
MSFT,2005-11-18,28.00
MSFT,2005-11-17,27.940001
MSFT,2005-11-16,30.200001
MSFT,2005-11-15,30.200001
MSFT,2005-11-14,30.200001
MSFT,2005-11-11,30.200001
MSFT,2005-11-10,30.200001
MSFT,2005-11-09,30.200001
MSFT,2005-11-08,30.200001
MSFT,2005-11-07,30.200001
MSFT,2005-11-04,30.200001
MSFT,2005-11-03,30.200001
MSFT,2005-11-02,30.200001
MSFT,2005-11-01,30.200001
MSFT,2005-10-31,30.200001
MSFT,2005-10-28,30.200001
MSFT,2005-10-27,30.200001
MSFT,2005-10-26,30.200001
MSFT,2005-10-25,30.200001
MSFT,2005-10-24,30.200001
MSFT,2005-10-21,30.200001
MSFT,2005-10-20,30.200001
MSFT,2005-10-19,30.200001
MSFT,2005-10-18,30.200001
MSFT,2005-10-17,30.200001
MSFT,2005-10-14,30.200001
MSFT,2005-10-13,30.200001
MSFT,2005-10-12,30.200001
MSFT,2005-10-11,30.200001
MSFT,2005-10-10,30.200001
MSFT,2005-10-07,30.200001
MSFT,2005-10-06,30.200001
MSFT,2005-10-05,30.200001
MSFT,2005-10-04,30.200001
MSFT,2005-10-03,30.200001
MSFT,2005-09-30,30.200001
MSFT,2005-09-29,30.200001
MSFT,2005-09-28,30.200001
MSFT,2005-09-27,30.200001
MSFT,2005-09-26,30.200001
MSFT,2005-09-23,30.200001
MSFT,2005-09-22,30.200001
MSFT,2005-09-21,30.200001
MSFT,2005-09-20,30.200001
MSFT,2005-09-19,30.200001
MSFT,2005-09-16,30.200001
MSFT,2005-09-15,30.200001
MSFT,2005-09-14,30.200001
MSFT,2005-09-13,30.200001
MSFT,2005-09-12,30.200001
MSFT,2005-09-09,30.200001
MSFT,2005-09-08,30.200001
MSFT,2005-09-07,30.200001
MSFT,2005-09-06,30.200001
MSFT,2005-09-02,30.200001
MSFT,2005-09-01,30.200001
MSFT,2005-08-31,30.200001
MSFT,2005-08-30,30.200001
MSFT,2005-08-29,30.200001
MSFT,2005-08-26,30.200001
MSFT,2005-08-25,30.200001
MSFT,2005-08-24,30.200001
MSFT,2005-08-23,30.200001
MSFT,2005-08-22,30.200001
MSFT,2005-08-19,30.200001
MSFT,2005-08-18,30.200001
MSFT,2005-08-17,30.200001
MSFT,2005-08-16,30.200001
MSFT,2005-08-15,30.200001
MSFT,2005-08-12,30.200001
MSFT,2005-08-11,30.200001
MSFT,2005-08-10,30.200001
MSFT,2005-08-09,30.200001
MSFT,2005-08-08,30.200001
MSFT,2005-08-05,30.200001
MSFT,2005-08-04,30.200001
MSFT,2005-08-03,30.200001
MSFT,2005-08-02,30.200001
MSFT,2005-08-01,30.200001
MSFT,2005-07-29,30.200001
MSFT,2005-07-28,30.200001
MSFT,2005-07-27,30.200001
MSFT,2005-07-26,30.200001
MSFT,2005-07-25,30.200001
MSFT,2005-07-22,30.200001
MSFT,2005-07-21,30.200001
MSFT,2005-07-20,30.200001
MSFT,2005-07-19,30.200001
MSFT,2005-07-18,30.200001
MSFT,2005-07-15,30.200001
MSFT,2005-07-14,30.200001
MSFT,2005-07-13,30.200001
MSFT,2005-07-12,30.200001
MSFT,2005-07-11,30.200001
MSFT,2005-07-08,30.200001
MSFT,2005-07-07,30.200001
MSFT,2005-07-06,30.200001
MSFT,2005-07-05,30.200001
MSFT,2005-07-01,30.200001
MSFT,2005-06-30,30.200001
MSFT,2005-06-29,30.200001
MSFT,2005-06-28,30.200001
MSFT,2005-06-27,30.200001
MSFT,2005-06-24,30.200001
MSFT,2005-06-23,30.200001
MSFT,2005-06-22,30.200001
MSFT,2005-06-21,30.200001
MSFT,2005-06-20,30.200001
MSFT,2005-06-17,30.200001
MSFT,2005-06-16,30.200001
MSFT,2005-06-15,30.200001
MSFT,2005-06-14,30.200001
MSFT,2005-06-13,30.200001
MSFT,2005-06-10,30.200001
MSFT,2005-06-09,30.200001
MSFT,2005-06-08,30.200001
MSFT,2005-06-07,30.200001
MSFT,2005-06-06,30.200001
MSFT,2005-06-03,30.200001
MSFT,2005-06-02,30.200001
MSFT,2005-06-01,30.200001
MSFT,2005-05-31,30.200001
MSFT,2005-05-27,30.200001
MSFT,2005-05-26,30.200001
MSFT,2005-05-25,30.200001
MSFT,2005-05-24,30.200001
MSFT,2005-05-23,30.200001
MSFT,2005-05-20,30.200001
MSFT,2005-05-19,30.200001
MSFT,2005-05-18,30.200001
MSFT,2005-05-17,30.200001
MSFT,2005-05-16,30.200001
MSFT,2005-05-13,30.200001
MSFT,2005-05-12,30.200001
MSFT,2005-05-11,30.200001
MSFT,2005-05-10,30.200001
MSFT,2005-05-09,30.200001
MSFT,2005-05-06,30.200001
MSFT,2005-05-05,30.200001
MSFT,2005-05-04,30.200001
MSFT,2005-05-03,30.200001
MSFT,2005-05-02,30.200001
MSFT,2005-04-29,30.200001
MSFT,2005-04-28,30.200001
MSFT,2005-04-27,30.200001
MSFT,2005-04-26,30.200001
MSFT,2005-04-25,30.200001
MSFT,2005-04-22,30.200001
MSFT,2005-04-21,30.200001
MSFT,2005-04-20,30.200001
MSFT,2005-04-19,30.200001
MSFT,2005-04-18,30.200001
MSFT,2005-04-15,30.200001
MSFT,2005-04-14,30.200001
MSFT,2005-04-13,30.200001
MSFT,2005-04-12,30.200001
MSFT,2005-04-11,30.200001
MSFT,2005-04-08,30.200001
MSFT,2005-04-07,30.200001
MSFT,2005-04-06,30.200001
MSFT,2005-04-05,30.200001
MSFT,2005-04-04,30.200001
MSFT,2005-04-01,30.200001
MSFT,2005-03-31,30.200001
MSFT,2005-03-30,30.200001
MSFT,2005-03-29,30.200001
MSFT,2005-03-28,30.200001
MSFT,2005-03-24,30.200001
MSFT,2005-03-23,30.200001
MSFT,2005-03-22,30.200001
MSFT,2005-03-21,30.200001
MSFT,2005-03-18,30.200001
MSFT,2005-03-17,30.200001
MSFT,2005-03-16,30.200001
MSFT,2005-03-15,30.200001
MSFT,2005-03-14,30.200001
MSFT,2005-03-11,30.200001
MSFT,2005-03-10,30.200001
MSFT,2005-03-09,30.200001
MSFT,2005-03-08,30.200001
MSFT,2005-03-07,30.200001
MSFT,2005-03-04,30.200001
MSFT,2005-03-03,30.200001
MSFT,2005-03-02,30.200001
MSFT,2005-03-01,30.200001
MSFT,2005-02-28,30.200001
MSFT,2005-02-25,30.200001
MSFT,2005-02-24,30.200001
MSFT,2005-02-23,30.200001
MSFT,2005-02-22,30.200001
MSFT,2005-02-18,30.200001
MSFT,2005-02-17,30.200001
MSFT,2005-02-16,30.200001
MSFT,2005-02-15,30.200001
MSFT,2005-02-14,30.200001
MSFT,2005-02-11,30.200001
MSFT,2005-02-10,30.200001
MSFT,2005-02-09,30.200001
MSFT,2005-02-08,30.200001
MSFT,2005-02-07,30.200001
MSFT,2005-02-04,30.200001
MSFT,2005-02-03,30.200001
MSFT,2005-02-02,30.200001
MSFT,2005-02-01,30.200001
MSFT,2005-01-31,30.200001
MSFT,2005-01-28,30.200001
MSFT,2005-01-27,30.200001
MSFT,2005-01-26,30.200001
MSFT,2005-01-25,30.200001
MSFT,2005-01-24,30.200001
MSFT,2005-01-21,30.200001
MSFT,2005-01-20,30.200001
MSFT,2005-01-19,30.200001
MSFT,2005-01-18,30.200001
MSFT,2005-01-14,30.200001
MSFT,2005-01-13,30.200001
MSFT,2005-01-12,30.200001
MSFT,2005-01-11,30.200001
MSFT,2005-01-10,30.200001
MSFT,2005-01-07,30.200001
MSFT,2005-01-06,30.200001
MSFT,2005-01-05,30.200001
MSFT,2005-01-04,30.200001
MSFT,2005-01-03,30.200001
MSFT,2004-12-31,30.200001
MSFT,2004-12-30,30.200001
MSFT,2004-12-29,30.200001
MSFT,2004-12-28,30.200001
MSFT,2004-12-27,30.200001
MSFT,2004-12-23,30.200001
MSFT,2004-12-22,30.200001
MSFT,2004-12-21,30.200001
MSFT,2004-12-20,30.200001
MSFT,2004-12-17,30.200001
MSFT,2004-12-16,30.200001
MSFT,2004-12-15,30.200001
MSFT,2004-12-14,30.200001
MSFT,2004-12-13,30.200001
MSFT,2004-12-10,30.200001
MSFT,2004-12-09,30.200001
MSFT,2004-12-08,30.200001
MSFT,2004-12-07,30.200001
MSFT,2004-12-06,30.200001
MSFT,2004-12-03,30.200001
MSFT,2004-12-02,30.200001
MSFT,2004-12-01,30.200001
MSFT,2004-11-30,30.200001
MSFT,2004-11-29,30.200001
MSFT,2004-11-26,30.200001
MSFT,2004-11-24,30.200001
MSFT,2004-11-23,30.200001
MSFT,2004-11-22,30.200001
MSFT,2004-11-19,30.200001
MSFT,2004-11-18,30.200001
MSFT,2004-11-17,30.200001
MSFT,2004-11-16,30.200001
MSFT,2004-11-15,30.200001
MSFT,2004-11-12,30.08
MSFT,2004-11-11,30.00
MSFT,2004-11-10,29.889999
MSFT,2004-11-09,29.889999
MSFT,2004-11-08,29.889999
MSFT,2004-11-05,29.889999
MSFT,2004-11-04,29.889999
MSFT,2004-11-03,29.889999
MSFT,2004-11-02,29.889999
MSFT,2004-11-01,29.889999
MSFT,2004-10-29,29.889999
MSFT,2004-10-28,29.889999
MSFT,2004-10-27,29.889999
MSFT,2004-10-26,29.889999
MSFT,2004-10-25,29.889999
MSFT,2004-10-22,29.889999
MSFT,2004-10-21,29.889999
MSFT,2004-10-20,29.889999
MSFT,2004-10-19,29.889999
MSFT,2004-10-18,29.889999
MSFT,2004-10-15,29.889999
MSFT,2004-10-14,29.889999
MSFT,2004-10-13,29.889999
MSFT,2004-10-12,29.889999
MSFT,2004-10-11,29.889999
MSFT,2004-10-08,29.889999
MSFT,2004-10-07,29.889999
MSFT,2004-10-06,29.889999
MSFT,2004-10-05,29.889999
MSFT,2004-10-04,29.889999
MSFT,2004-10-01,29.889999
MSFT,2004-09-30,29.889999
MSFT,2004-09-29,29.889999
MSFT,2004-09-28,29.889999
MSFT,2004-09-27,30.00
MSFT,2004-09-24,30.00
MSFT,2004-09-23,30.00
MSFT,2004-09-22,30.00
MSFT,2004-09-21,30.00
MSFT,2004-09-20,30.00
MSFT,2004-09-17,30.00
MSFT,2004-09-16,30.00
MSFT,2004-09-15,30.00
MSFT,2004-09-14,30.00
MSFT,2004-09-13,30.00
MSFT,2004-09-10,30.00
MSFT,2004-09-09,30.00
MSFT,2004-09-08,30.00
MSFT,2004-09-07,30.00
MSFT,2004-09-03,30.00
MSFT,2004-09-02,30.00
MSFT,2004-09-01,30.00
MSFT,2004-08-31,30.00
MSFT,2004-08-30,30.00
MSFT,2004-08-27,30.00
MSFT,2004-08-26,30.00
MSFT,2004-08-25,30.00
MSFT,2004-08-24,30.00
MSFT,2004-08-23,30.00
MSFT,2004-08-20,30.00
MSFT,2004-08-19,30.00
MSFT,2004-08-18,30.00
MSFT,2004-08-17,30.00
MSFT,2004-08-16,30.00
MSFT,2004-08-13,30.00
MSFT,2004-08-12,30.00
MSFT,2004-08-11,30.00
MSFT,2004-08-10,30.00
MSFT,2004-08-09,30.00
MSFT,2004-08-06,30.00
MSFT,2004-08-05,30.00
MSFT,2004-08-04,30.00
MSFT,2004-08-03,30.00
MSFT,2004-08-02,30.00
MSFT,2004-07-30,30.00
MSFT,2004-07-29,30.00
MSFT,2004-07-28,30.00
MSFT,2004-07-27,30.00
MSFT,2004-07-26,30.00
MSFT,2004-07-23,30.00
MSFT,2004-07-22,30.00
MSFT,2004-07-21,30.00
MSFT,2004-07-20,30.00
MSFT,2004-07-19,30.00
MSFT,2004-07-16,30.00
MSFT,2004-07-15,30.00
MSFT,2004-07-14,30.00
MSFT,2004-07-13,30.00
MSFT,2004-07-12,30.00
MSFT,2004-07-09,30.00
MSFT,2004-07-08,30.00
MSFT,2004-07-07,30.00
MSFT,2004-07-06,30.00
MSFT,2004-07-02,30.00
MSFT,2004-07-01,30.00
MSFT,2004-06-30,30.00
MSFT,2004-06-29,30.00
MSFT,2004-06-28,30.00
MSFT,2004-06-25,30.00
MSFT,2004-06-24,30.00
MSFT,2004-06-23,30.00
MSFT,2004-06-22,30.00
MSFT,2004-06-21,30.00
MSFT,2004-06-18,30.00
MSFT,2004-06-17,30.00
MSFT,2004-06-16,30.00
MSFT,2004-06-15,30.00
MSFT,2004-06-14,30.00
MSFT,2004-06-10,30.00
MSFT,2004-06-09,30.00
MSFT,2004-06-08,30.00
MSFT,2004-06-07,30.00
MSFT,2004-06-04,30.00
MSFT,2004-06-03,30.00
MSFT,2004-06-02,30.00
MSFT,2004-06-01,30.00
MSFT,2004-05-28,30.00
MSFT,2004-05-27,30.00
MSFT,2004-05-26,30.00
MSFT,2004-05-25,30.00
MSFT,2004-05-24,30.00
MSFT,2004-05-21,30.00
MSFT,2004-05-20,30.00
MSFT,2004-05-19,30.00
MSFT,2004-05-18,30.00
MSFT,2004-05-17,30.00
MSFT,2004-05-14,30.00
MSFT,2004-05-13,30.00
MSFT,2004-05-12,30.00
MSFT,2004-05-11,30.00
MSFT,2004-05-10,30.00
MSFT,2004-05-07,30.00
MSFT,2004-05-06,30.00
MSFT,2004-05-05,30.00
MSFT,2004-05-04,30.00
MSFT,2004-05-03,30.00
MSFT,2004-04-30,30.00
MSFT,2004-04-29,30.00
MSFT,2004-04-28,30.00
MSFT,2004-04-27,30.00
MSFT,2004-04-26,30.00
MSFT,2004-04-23,30.00
MSFT,2004-04-22,30.00
MSFT,2004-04-21,30.00
MSFT,2004-04-20,30.00
MSFT,2004-04-19,30.00
MSFT,2004-04-16,30.00
MSFT,2004-04-15,30.00
MSFT,2004-04-14,30.00
MSFT,2004-04-13,30.00
MSFT,2004-04-12,30.00
MSFT,2004-04-08,30.00
MSFT,2004-04-07,30.00
MSFT,2004-04-06,30.00
MSFT,2004-04-05,30.00
MSFT,2004-04-02,30.00
MSFT,2004-04-01,30.00
MSFT,2004-03-31,30.00
MSFT,2004-03-30,30.00
MSFT,2004-03-29,30.00
MSFT,2004-03-26,30.00
MSFT,2004-03-25,30.00
MSFT,2004-03-24,30.00
MSFT,2004-03-23,30.00
MSFT,2004-03-22,30.00
MSFT,2004-03-19,30.00
MSFT,2004-03-18,30.00
MSFT,2004-03-17,30.00
MSFT,2004-03-16,30.00
MSFT,2004-03-15,30.00
MSFT,2004-03-12,30.00
MSFT,2004-03-11,30.00
MSFT,2004-03-10,30.00
MSFT,2004-03-09,30.00
MSFT,2004-03-08,30.00
MSFT,2004-03-05,30.00
MSFT,2004-03-04,30.00
MSFT,2004-03-03,30.00
MSFT,2004-03-02,30.00
MSFT,2004-03-01,30.00
MSFT,2004-02-27,30.00
MSFT,2004-02-26,30.00
MSFT,2004-02-25,30.00
MSFT,2004-02-24,30.00
MSFT,2004-02-23,30.00
MSFT,2004-02-20,48.50
MSFT,2004-02-19,48.50
MSFT,2004-02-18,48.50
MSFT,2004-02-17,48.50
MSFT,2004-02-13,48.50
MSFT,2004-02-12,48.50
MSFT,2004-02-11,48.50
MSFT,2004-02-10,48.529999
MSFT,2004-02-09,48.529999
MSFT,2004-02-06,49.099998
MSFT,2004-02-05,49.099998
MSFT,2004-02-04,50.169998
MSFT,2004-02-03,50.169998
MSFT,2004-02-02,50.169998
MSFT,2004-01-30,50.599998
MSFT,2004-01-29,52.049999
MSFT,2004-01-28,52.540001
MSFT,2004-01-27,52.540001
MSFT,2004-01-26,52.540001
MSFT,2004-01-23,53.00
MSFT,2004-01-22,56.650002
MSFT,2004-01-21,57.32
MSFT,2004-01-20,57.32
MSFT,2004-01-16,57.32
MSFT,2004-01-15,57.32
MSFT,2004-01-14,57.32
MSFT,2004-01-13,57.32
MSFT,2004-01-12,57.32
MSFT,2004-01-09,57.32
MSFT,2004-01-08,57.32
MSFT,2004-01-07,57.32
MSFT,2004-01-06,57.32
MSFT,2004-01-05,57.32
MSFT,2004-01-02,57.32
MSFT,2003-12-31,57.32
MSFT,2003-12-30,57.32
MSFT,2003-12-29,57.32
MSFT,2003-12-26,57.32
MSFT,2003-12-24,57.32
MSFT,2003-12-23,57.32
MSFT,2003-12-22,57.32
MSFT,2003-12-19,57.32
MSFT,2003-12-18,57.32
MSFT,2003-12-17,57.32
MSFT,2003-12-16,57.32
MSFT,2003-12-15,57.32
MSFT,2003-12-12,57.32
MSFT,2003-12-11,57.32
MSFT,2003-12-10,57.32
MSFT,2003-12-09,57.439999
MSFT,2003-12-08,57.439999
MSFT,2003-12-05,58.959999
MSFT,2003-12-04,58.959999
MSFT,2003-12-03,58.959999
MSFT,2003-12-02,58.959999
MSFT,2003-12-01,58.959999
MSFT,2003-11-28,58.959999
MSFT,2003-11-26,58.959999
MSFT,2003-11-25,58.959999
MSFT,2003-11-24,58.959999
MSFT,2003-11-21,58.959999
MSFT,2003-11-20,58.959999
MSFT,2003-11-19,58.959999
MSFT,2003-11-18,58.959999
MSFT,2003-11-17,58.959999
MSFT,2003-11-14,58.959999
MSFT,2003-11-13,58.959999
MSFT,2003-11-12,58.959999
MSFT,2003-11-11,58.959999
MSFT,2003-11-10,58.959999
MSFT,2003-11-07,58.959999
MSFT,2003-11-06,58.959999
MSFT,2003-11-05,58.959999
MSFT,2003-11-04,58.959999
MSFT,2003-11-03,58.959999
MSFT,2003-10-31,58.959999
MSFT,2003-10-30,58.959999
MSFT,2003-10-29,58.959999
MSFT,2003-10-28,58.959999
MSFT,2003-10-27,58.959999
MSFT,2003-10-24,58.959999
MSFT,2003-10-23,58.959999
MSFT,2003-10-22,58.959999
MSFT,2003-10-21,58.959999
MSFT,2003-10-20,58.959999
MSFT,2003-10-17,58.959999
MSFT,2003-10-16,58.959999
MSFT,2003-10-15,58.959999
MSFT,2003-10-14,58.959999
MSFT,2003-10-13,58.959999
MSFT,2003-10-10,58.959999
MSFT,2003-10-09,58.959999
MSFT,2003-10-08,58.959999
MSFT,2003-10-07,58.959999
MSFT,2003-10-06,58.959999
MSFT,2003-10-03,58.959999
MSFT,2003-10-02,58.959999
MSFT,2003-10-01,58.959999
MSFT,2003-09-30,58.959999
MSFT,2003-09-29,58.959999
MSFT,2003-09-26,58.959999
MSFT,2003-09-25,58.959999
MSFT,2003-09-24,58.959999
MSFT,2003-09-23,58.959999
MSFT,2003-09-22,58.959999
MSFT,2003-09-19,58.959999
MSFT,2003-09-18,58.959999
MSFT,2003-09-17,58.959999
MSFT,2003-09-16,58.959999
MSFT,2003-09-15,58.959999
MSFT,2003-09-12,58.959999
MSFT,2003-09-11,58.959999
MSFT,2003-09-10,58.959999
MSFT,2003-09-09,58.959999
MSFT,2003-09-08,58.959999
MSFT,2003-09-05,58.959999
MSFT,2003-09-04,58.959999
MSFT,2003-09-03,58.959999
MSFT,2003-09-02,58.959999
MSFT,2003-08-29,58.959999
MSFT,2003-08-28,58.959999
MSFT,2003-08-27,58.959999
MSFT,2003-08-26,58.959999
MSFT,2003-08-25,58.959999
MSFT,2003-08-22,58.959999
MSFT,2003-08-21,58.959999
MSFT,2003-08-20,58.959999
MSFT,2003-08-19,58.959999
MSFT,2003-08-18,58.959999
MSFT,2003-08-15,58.959999
MSFT,2003-08-14,58.959999
MSFT,2003-08-13,58.959999
MSFT,2003-08-12,58.959999
MSFT,2003-08-11,58.959999
MSFT,2003-08-08,58.959999
MSFT,2003-08-07,58.959999
MSFT,2003-08-06,58.959999
MSFT,2003-08-05,58.959999
MSFT,2003-08-04,58.959999
MSFT,2003-08-01,58.959999
MSFT,2003-07-31,58.959999
MSFT,2003-07-30,58.959999
MSFT,2003-07-29,58.959999
MSFT,2003-07-28,58.959999
MSFT,2003-07-25,58.959999
MSFT,2003-07-24,58.959999
MSFT,2003-07-23,58.959999
MSFT,2003-07-22,58.959999
MSFT,2003-07-21,58.959999
MSFT,2003-07-18,58.959999
MSFT,2003-07-17,58.959999
MSFT,2003-07-16,58.959999
MSFT,2003-07-15,58.959999
MSFT,2003-07-14,58.959999
MSFT,2003-07-11,58.959999
MSFT,2003-07-10,58.959999
MSFT,2003-07-09,58.959999
MSFT,2003-07-08,58.959999
MSFT,2003-07-07,58.959999
MSFT,2003-07-03,58.959999
MSFT,2003-07-02,58.959999
MSFT,2003-07-01,58.959999
MSFT,2003-06-30,58.959999
MSFT,2003-06-27,58.959999
MSFT,2003-06-26,58.959999
MSFT,2003-06-25,58.959999
MSFT,2003-06-24,58.959999
MSFT,2003-06-23,58.959999
MSFT,2003-06-20,58.959999
MSFT,2003-06-19,58.959999
MSFT,2003-06-18,58.959999
MSFT,2003-06-17,58.959999
MSFT,2003-06-16,58.959999
MSFT,2003-06-13,58.959999
MSFT,2003-06-12,58.959999
MSFT,2003-06-11,58.959999
MSFT,2003-06-10,58.959999
MSFT,2003-06-09,58.959999
MSFT,2003-06-06,58.959999
MSFT,2003-06-05,58.959999
MSFT,2003-06-04,58.959999
MSFT,2003-06-03,58.959999
MSFT,2003-06-02,58.959999
MSFT,2003-05-30,58.959999
MSFT,2003-05-29,58.959999
MSFT,2003-05-28,58.959999
MSFT,2003-05-27,58.959999
MSFT,2003-05-23,58.959999
MSFT,2003-05-22,58.959999
MSFT,2003-05-21,58.959999
MSFT,2003-05-20,58.959999
MSFT,2003-05-19,58.959999
MSFT,2003-05-16,58.959999
MSFT,2003-05-15,58.959999
MSFT,2003-05-14,58.959999
MSFT,2003-05-13,58.959999
MSFT,2003-05-12,58.959999
MSFT,2003-05-09,58.959999
MSFT,2003-05-08,58.959999
MSFT,2003-05-07,58.959999
MSFT,2003-05-06,58.959999
MSFT,2003-05-05,58.959999
MSFT,2003-05-02,58.959999
MSFT,2003-05-01,58.959999
MSFT,2003-04-30,58.959999
MSFT,2003-04-29,58.959999
MSFT,2003-04-28,58.959999
MSFT,2003-04-25,58.959999
MSFT,2003-04-24,58.959999
MSFT,2003-04-23,58.959999
MSFT,2003-04-22,58.959999
MSFT,2003-04-21,58.959999
MSFT,2003-04-17,58.959999
MSFT,2003-04-16,58.959999
MSFT,2003-04-15,58.959999
MSFT,2003-04-14,58.959999
MSFT,2003-04-11,58.959999
MSFT,2003-04-10,58.959999
MSFT,2003-04-09,58.959999
MSFT,2003-04-08,58.959999
MSFT,2003-04-07,58.959999
MSFT,2003-04-04,59.09
MSFT,2003-04-03,60.400002
MSFT,2003-04-02,60.650002
MSFT,2003-04-01,60.650002
MSFT,2003-03-31,60.919998
MSFT,2003-03-28,60.919998
MSFT,2003-03-27,61.139999
MSFT,2003-03-26,61.59
MSFT,2003-03-25,62.02
MSFT,2003-03-24,63.00
MSFT,2003-03-21,63.00
MSFT,2003-03-20,63.00
MSFT,2003-03-19,63.00
MSFT,2003-03-18,63.02
MSFT,2003-03-17,63.02
MSFT,2003-03-14,65.00
MSFT,2003-03-13,65.00
MSFT,2003-03-12,65.00
MSFT,2003-03-11,65.00
MSFT,2003-03-10,65.00
MSFT,2003-03-07,65.00
MSFT,2003-03-06,65.00
MSFT,2003-03-05,65.00
MSFT,2003-03-04,65.00
MSFT,2003-03-03,65.00
MSFT,2003-02-28,65.00
MSFT,2003-02-27,65.00
MSFT,2003-02-26,65.00
MSFT,2003-02-25,65.00
MSFT,2003-02-24,65.00
MSFT,2003-02-21,65.00
MSFT,2003-02-20,65.00
MSFT,2003-02-19,65.00
MSFT,2003-02-18,65.00
MSFT,2003-02-14,65.00
MSFT,2003-02-13,65.00
MSFT,2003-02-12,65.00
MSFT,2003-02-11,65.00
MSFT,2003-02-10,65.00
MSFT,2003-02-07,65.00
MSFT,2003-02-06,65.00
MSFT,2003-02-05,65.00
MSFT,2003-02-04,65.00
MSFT,2003-02-03,65.00
MSFT,2003-01-31,65.00
MSFT,2003-01-30,65.00
MSFT,2003-01-29,65.18
MSFT,2003-01-28,65.18
MSFT,2003-01-27,66.629997
MSFT,2003-01-24,67.849998
MSFT,2003-01-23,70.00
MSFT,2003-01-22,70.00
MSFT,2003-01-21,70.00
MSFT,2003-01-17,70.00
MSFT,2003-01-16,70.32
MSFT,2003-01-15,70.32
MSFT,2003-01-14,70.620003
MSFT,2003-01-13,70.620003
MSFT,2003-01-10,70.620003
MSFT,2003-01-09,70.620003
MSFT,2003-01-08,70.620003
MSFT,2003-01-07,70.620003
MSFT,2003-01-06,70.620003
MSFT,2003-01-03,70.620003
MSFT,2003-01-02,70.620003
MSFT,2002-12-31,70.620003
MSFT,2002-12-30,70.620003
MSFT,2002-12-27,70.620003
MSFT,2002-12-26,70.620003
MSFT,2002-12-24,70.620003
MSFT,2002-12-23,70.620003
MSFT,2002-12-20,70.620003
MSFT,2002-12-19,70.620003
MSFT,2002-12-18,70.620003
MSFT,2002-12-17,70.620003
MSFT,2002-12-16,70.620003
MSFT,2002-12-13,70.620003
MSFT,2002-12-12,70.620003
MSFT,2002-12-11,70.620003
MSFT,2002-12-10,70.620003
MSFT,2002-12-09,70.620003
MSFT,2002-12-06,70.620003
MSFT,2002-12-05,70.620003
MSFT,2002-12-04,70.620003
MSFT,2002-12-03,70.620003
MSFT,2002-12-02,70.620003
MSFT,2002-11-29,70.620003
MSFT,2002-11-27,70.620003
MSFT,2002-11-26,70.620003
MSFT,2002-11-25,70.620003
MSFT,2002-11-22,70.620003
MSFT,2002-11-21,70.620003
MSFT,2002-11-20,70.620003
MSFT,2002-11-19,70.620003
MSFT,2002-11-18,70.620003
MSFT,2002-11-15,70.620003
MSFT,2002-11-14,70.620003
MSFT,2002-11-13,70.620003
MSFT,2002-11-12,70.620003
MSFT,2002-11-11,70.620003
MSFT,2002-11-08,70.620003
MSFT,2002-11-07,70.620003
MSFT,2002-11-06,70.620003
MSFT,2002-11-05,70.620003
MSFT,2002-11-04,70.620003
MSFT,2002-11-01,70.620003
MSFT,2002-10-31,70.620003
MSFT,2002-10-30,70.620003
MSFT,2002-10-29,70.620003
MSFT,2002-10-28,70.620003
MSFT,2002-10-25,70.620003
MSFT,2002-10-24,70.620003
MSFT,2002-10-23,70.620003
MSFT,2002-10-22,70.620003
MSFT,2002-10-21,70.620003
MSFT,2002-10-18,70.620003
MSFT,2002-10-17,70.620003
MSFT,2002-10-16,70.620003
MSFT,2002-10-15,70.620003
MSFT,2002-10-14,70.620003
MSFT,2002-10-11,70.620003
MSFT,2002-10-10,70.620003
MSFT,2002-10-09,70.620003
MSFT,2002-10-08,70.620003
MSFT,2002-10-07,70.620003
MSFT,2002-10-04,70.620003
MSFT,2002-10-03,70.620003
MSFT,2002-10-02,70.620003
MSFT,2002-10-01,70.620003
MSFT,2002-09-30,70.620003
MSFT,2002-09-27,70.620003
MSFT,2002-09-26,70.620003
MSFT,2002-09-25,70.620003
MSFT,2002-09-24,70.620003
MSFT,2002-09-23,70.620003
MSFT,2002-09-20,70.620003
MSFT,2002-09-19,70.620003
MSFT,2002-09-18,70.620003
MSFT,2002-09-17,70.620003
MSFT,2002-09-16,70.620003
MSFT,2002-09-13,70.620003
MSFT,2002-09-12,70.620003
MSFT,2002-09-11,70.620003
MSFT,2002-09-10,70.620003
MSFT,2002-09-09,70.620003
MSFT,2002-09-06,70.620003
MSFT,2002-09-05,70.620003
MSFT,2002-09-04,70.620003
MSFT,2002-09-03,70.620003
MSFT,2002-08-30,70.620003
MSFT,2002-08-29,70.620003
MSFT,2002-08-28,70.620003
MSFT,2002-08-27,70.620003
MSFT,2002-08-26,70.620003
MSFT,2002-08-23,70.620003
MSFT,2002-08-22,70.620003
MSFT,2002-08-21,70.620003
MSFT,2002-08-20,70.620003
MSFT,2002-08-19,70.620003
MSFT,2002-08-16,70.620003
MSFT,2002-08-15,70.620003
MSFT,2002-08-14,70.620003
MSFT,2002-08-13,70.620003
MSFT,2002-08-12,70.620003
MSFT,2002-08-09,70.620003
MSFT,2002-08-08,70.620003
MSFT,2002-08-07,70.620003
MSFT,2002-08-06,70.620003
MSFT,2002-08-05,70.620003
MSFT,2002-08-02,70.620003
MSFT,2002-08-01,70.620003
MSFT,2002-07-31,70.620003
MSFT,2002-07-30,73.00
MSFT,2002-07-29,73.00
MSFT,2002-07-26,73.00
MSFT,2002-07-25,73.00
MSFT,2002-07-24,73.00
MSFT,2002-07-23,73.00
MSFT,2002-07-22,73.00
MSFT,2002-07-19,73.00
MSFT,2002-07-18,73.00
MSFT,2002-07-17,73.00
MSFT,2002-07-16,73.00
MSFT,2002-07-15,73.00
MSFT,2002-07-12,73.150002
MSFT,2002-07-11,73.410004
MSFT,2002-07-10,76.150002
MSFT,2002-07-09,76.150002
MSFT,2002-07-08,76.150002
MSFT,2002-07-05,76.150002
MSFT,2002-07-03,76.150002
MSFT,2002-07-02,76.150002
MSFT,2002-07-01,76.150002
MSFT,2002-06-28,76.150002
MSFT,2002-06-27,76.150002
MSFT,2002-06-26,76.150002
MSFT,2002-06-25,76.150002
MSFT,2002-06-24,76.150002
MSFT,2002-06-21,76.150002
MSFT,2002-06-20,76.150002
MSFT,2002-06-19,76.150002
MSFT,2002-06-18,76.150002
MSFT,2002-06-17,76.150002
MSFT,2002-06-14,76.150002
MSFT,2002-06-13,76.150002
MSFT,2002-06-12,76.150002
MSFT,2002-06-11,76.150002
MSFT,2002-06-10,76.150002
MSFT,2002-06-07,76.150002
MSFT,2002-06-06,76.150002
MSFT,2002-06-05,76.150002
MSFT,2002-06-04,76.150002
MSFT,2002-06-03,76.150002
MSFT,2002-05-31,76.150002
MSFT,2002-05-30,76.150002
MSFT,2002-05-29,76.150002
MSFT,2002-05-28,76.150002
MSFT,2002-05-24,76.150002
MSFT,2002-05-23,76.150002
MSFT,2002-05-22,76.150002
MSFT,2002-05-21,76.150002
MSFT,2002-05-20,76.150002
MSFT,2002-05-17,76.150002
MSFT,2002-05-16,76.150002
MSFT,2002-05-15,76.150002
MSFT,2002-05-14,76.150002
MSFT,2002-05-13,76.150002
MSFT,2002-05-10,76.150002
MSFT,2002-05-09,76.150002
MSFT,2002-05-08,76.150002
MSFT,2002-05-07,76.150002
MSFT,2002-05-06,76.150002
MSFT,2002-05-03,76.150002
MSFT,2002-05-02,76.150002
MSFT,2002-05-01,76.150002
MSFT,2002-04-30,76.150002
MSFT,2002-04-29,76.150002
MSFT,2002-04-26,76.150002
MSFT,2002-04-25,76.150002
MSFT,2002-04-24,76.150002
MSFT,2002-04-23,76.150002
MSFT,2002-04-22,76.150002
MSFT,2002-04-19,76.150002
MSFT,2002-04-18,76.150002
MSFT,2002-04-17,76.150002
MSFT,2002-04-16,76.150002
MSFT,2002-04-15,76.150002
MSFT,2002-04-12,76.150002
MSFT,2002-04-11,76.150002
MSFT,2002-04-10,76.150002
MSFT,2002-04-09,76.150002
MSFT,2002-04-08,76.150002
MSFT,2002-04-05,76.150002
MSFT,2002-04-04,76.150002
MSFT,2002-04-03,76.150002
MSFT,2002-04-02,76.150002
MSFT,2002-04-01,76.150002
MSFT,2002-03-28,76.150002
MSFT,2002-03-27,76.150002
MSFT,2002-03-26,76.150002
MSFT,2002-03-25,76.150002
MSFT,2002-03-22,76.150002
MSFT,2002-03-21,76.150002
MSFT,2002-03-20,76.150002
MSFT,2002-03-19,76.150002
MSFT,2002-03-18,76.150002
MSFT,2002-03-15,76.150002
MSFT,2002-03-14,76.150002
MSFT,2002-03-13,76.150002
MSFT,2002-03-12,76.150002
MSFT,2002-03-11,76.150002
MSFT,2002-03-08,76.150002
MSFT,2002-03-07,76.150002
MSFT,2002-03-06,76.150002
MSFT,2002-03-05,76.150002
MSFT,2002-03-04,76.150002
MSFT,2002-03-01,76.150002
MSFT,2002-02-28,76.150002
MSFT,2002-02-27,76.150002
MSFT,2002-02-26,76.150002
MSFT,2002-02-25,76.150002
MSFT,2002-02-22,76.150002
MSFT,2002-02-21,76.150002
MSFT,2002-02-20,76.150002
MSFT,2002-02-19,76.150002
MSFT,2002-02-15,76.150002
MSFT,2002-02-14,76.150002
MSFT,2002-02-13,76.150002
MSFT,2002-02-12,76.150002
MSFT,2002-02-11,76.150002
MSFT,2002-02-08,76.150002
MSFT,2002-02-07,76.150002
MSFT,2002-02-06,76.150002
MSFT,2002-02-05,76.150002
MSFT,2002-02-04,76.150002
MSFT,2002-02-01,76.150002
MSFT,2002-01-31,76.150002
MSFT,2002-01-30,76.150002
MSFT,2002-01-29,76.150002
MSFT,2002-01-28,76.150002
MSFT,2002-01-25,76.150002
MSFT,2002-01-24,76.150002
MSFT,2002-01-23,76.150002
MSFT,2002-01-22,76.150002
MSFT,2002-01-18,76.150002
MSFT,2002-01-17,76.150002
MSFT,2002-01-16,76.150002
MSFT,2002-01-15,76.150002
MSFT,2002-01-14,76.150002
MSFT,2002-01-11,76.150002
MSFT,2002-01-10,76.150002
MSFT,2002-01-09,76.150002
MSFT,2002-01-08,76.150002
MSFT,2002-01-07,76.150002
MSFT,2002-01-04,76.150002
MSFT,2002-01-03,76.150002
MSFT,2002-01-02,76.150002
MSFT,2001-12-31,76.150002
MSFT,2001-12-28,76.150002
MSFT,2001-12-27,76.150002
MSFT,2001-12-26,76.150002
MSFT,2001-12-24,76.150002
MSFT,2001-12-21,76.150002
MSFT,2001-12-20,76.150002
MSFT,2001-12-19,76.150002
MSFT,2001-12-18,76.150002
MSFT,2001-12-17,76.150002
MSFT,2001-12-14,76.150002
MSFT,2001-12-13,76.150002
MSFT,2001-12-12,76.150002
MSFT,2001-12-11,76.150002
MSFT,2001-12-10,76.150002
MSFT,2001-12-07,76.150002
MSFT,2001-12-06,76.150002
MSFT,2001-12-05,76.150002
MSFT,2001-12-04,76.150002
MSFT,2001-12-03,76.150002
MSFT,2001-11-30,76.150002
MSFT,2001-11-29,76.150002
MSFT,2001-11-28,76.150002
MSFT,2001-11-27,76.150002
MSFT,2001-11-26,76.150002
MSFT,2001-11-23,76.150002
MSFT,2001-11-21,76.150002
MSFT,2001-11-20,76.150002
MSFT,2001-11-19,76.150002
MSFT,2001-11-16,76.150002
MSFT,2001-11-15,76.150002
MSFT,2001-11-14,76.150002
MSFT,2001-11-13,76.150002
MSFT,2001-11-12,76.150002
MSFT,2001-11-09,76.150002
MSFT,2001-11-08,76.150002
MSFT,2001-11-07,76.150002
MSFT,2001-11-06,76.150002
MSFT,2001-11-05,76.150002
MSFT,2001-11-02,76.150002
MSFT,2001-11-01,76.150002
MSFT,2001-10-31,76.150002
MSFT,2001-10-30,76.150002
MSFT,2001-10-29,76.150002
MSFT,2001-10-26,76.150002
MSFT,2001-10-25,76.150002
MSFT,2001-10-24,76.150002
MSFT,2001-10-23,76.150002
MSFT,2001-10-22,76.150002
MSFT,2001-10-19,76.150002
MSFT,2001-10-18,76.150002
MSFT,2001-10-17,76.150002
MSFT,2001-10-16,76.150002
MSFT,2001-10-15,76.150002
MSFT,2001-10-12,76.150002
MSFT,2001-10-11,76.150002
MSFT,2001-10-10,76.150002
MSFT,2001-10-09,76.150002
MSFT,2001-10-08,76.150002
MSFT,2001-10-05,76.150002
MSFT,2001-10-04,76.150002
MSFT,2001-10-03,76.150002
MSFT,2001-10-02,76.150002
MSFT,2001-10-01,76.150002
MSFT,2001-09-28,76.150002
MSFT,2001-09-27,76.150002
MSFT,2001-09-26,76.150002
MSFT,2001-09-25,76.150002
MSFT,2001-09-24,76.150002
MSFT,2001-09-21,76.150002
MSFT,2001-09-20,76.150002
MSFT,2001-09-19,76.150002
MSFT,2001-09-18,76.150002
MSFT,2001-09-17,76.150002
MSFT,2001-09-10,76.150002
MSFT,2001-09-07,76.150002
MSFT,2001-09-06,76.150002
MSFT,2001-09-05,76.150002
MSFT,2001-09-04,76.150002
MSFT,2001-08-31,76.150002
MSFT,2001-08-30,76.150002
MSFT,2001-08-29,76.150002
MSFT,2001-08-28,76.150002
MSFT,2001-08-27,76.150002
MSFT,2001-08-24,76.150002
MSFT,2001-08-23,76.150002
MSFT,2001-08-22,76.150002
MSFT,2001-08-21,76.150002
MSFT,2001-08-20,76.150002
MSFT,2001-08-17,76.150002
MSFT,2001-08-16,76.150002
MSFT,2001-08-15,76.150002
MSFT,2001-08-14,76.150002
MSFT,2001-08-13,76.150002
MSFT,2001-08-10,76.150002
MSFT,2001-08-09,76.150002
MSFT,2001-08-08,76.150002
MSFT,2001-08-07,76.150002
MSFT,2001-08-06,76.150002
MSFT,2001-08-03,76.150002
MSFT,2001-08-02,76.150002
MSFT,2001-08-01,76.150002
MSFT,2001-07-31,76.150002
MSFT,2001-07-30,76.150002
MSFT,2001-07-27,76.150002
MSFT,2001-07-26,76.150002
MSFT,2001-07-25,76.150002
MSFT,2001-07-24,77.50
MSFT,2001-07-23,79.50
MSFT,2001-07-20,79.5625
MSFT,2001-07-19,79.75
MSFT,2001-07-18,80.00
MSFT,2001-07-17,81.00
MSFT,2001-07-16,81.00
MSFT,2001-07-13,81.3125
MSFT,2001-07-12,82.875
MSFT,2001-07-11,82.875
MSFT,2001-07-10,82.875
MSFT,2001-07-09,82.875
MSFT,2001-07-06,82.875
MSFT,2001-07-05,82.875
MSFT,2001-07-03,82.875
MSFT,2001-07-02,82.875
MSFT,2001-06-29,82.875
MSFT,2001-06-28,82.875
MSFT,2001-06-27,82.875
MSFT,2001-06-26,82.875
MSFT,2001-06-25,82.875
MSFT,2001-06-22,82.875
MSFT,2001-06-21,82.875
MSFT,2001-06-20,82.875
MSFT,2001-06-19,82.875
MSFT,2001-06-18,82.875
MSFT,2001-06-15,82.875
MSFT,2001-06-14,82.875
MSFT,2001-06-13,82.875
MSFT,2001-06-12,82.875
MSFT,2001-06-11,82.875
MSFT,2001-06-08,82.875
MSFT,2001-06-07,82.875
MSFT,2001-06-06,82.875
MSFT,2001-06-05,82.875
MSFT,2001-06-04,82.875
MSFT,2001-06-01,82.875
MSFT,2001-05-31,82.875
MSFT,2001-05-30,82.875
MSFT,2001-05-29,82.875
MSFT,2001-05-25,82.875
MSFT,2001-05-24,82.875
MSFT,2001-05-23,82.875
MSFT,2001-05-22,82.875
MSFT,2001-05-21,82.875
MSFT,2001-05-18,82.875
MSFT,2001-05-17,82.875
