Symbol,Date,Profit
AAPL,2016-05-12,41.120003
AAPL,2016-05-11,41.120003
AAPL,2016-05-10,41.120003
AAPL,2016-05-09,41.120003
AAPL,2016-05-06,40.970001
AAPL,2016-05-05,40.970001
AAPL,2016-05-04,40.970001
AAPL,2016-05-03,40.970001
AAPL,2016-05-02,40.970001
AAPL,2016-04-29,42.539993
AAPL,2016-04-28,42.539993
AAPL,2016-04-27,42.539993
AAPL,2016-04-26,42.539993
AAPL,2016-04-25,42.539993
AAPL,2016-04-22,42.539993
AAPL,2016-04-21,42.539993
AAPL,2016-04-20,42.539993
AAPL,2016-04-19,42.539993
AAPL,2016-04-18,42.539993
AAPL,2016-04-15,42.539993
AAPL,2016-04-14,42.539993
AAPL,2016-04-13,42.539993
AAPL,2016-04-12,42.539993
AAPL,2016-04-11,42.539993
AAPL,2016-04-08,42.539993
AAPL,2016-04-07,42.539993
AAPL,2016-04-06,42.539993
AAPL,2016-04-05,42.539993
AAPL,2016-04-04,42.539993
AAPL,2016-04-01,42.539993
AAPL,2016-03-31,42.539993
AAPL,2016-03-30,42.539993
AAPL,2016-03-29,42.539993
AAPL,2016-03-28,42.539993
AAPL,2016-03-24,42.539993
AAPL,2016-03-23,42.539993
AAPL,2016-03-22,42.539993
AAPL,2016-03-21,42.539993
AAPL,2016-03-18,42.539993
AAPL,2016-03-17,42.539993
AAPL,2016-03-16,42.539993
AAPL,2016-03-15,42.539993
AAPL,2016-03-14,42.539993
AAPL,2016-03-11,42.539993
AAPL,2016-03-10,42.539993
AAPL,2016-03-09,42.539993
AAPL,2016-03-08,42.539993
AAPL,2016-03-07,42.539993
AAPL,2016-03-04,42.539993
AAPL,2016-03-03,42.539993
AAPL,2016-03-02,42.539993
AAPL,2016-03-01,42.539993
AAPL,2016-02-29,42.539993
AAPL,2016-02-26,42.539993
AAPL,2016-02-25,42.539993
AAPL,2016-02-24,42.539993
AAPL,2016-02-23,42.539993
AAPL,2016-02-22,42.539993
AAPL,2016-02-19,42.539993
AAPL,2016-02-18,42.539993
AAPL,2016-02-17,42.539993
AAPL,2016-02-16,42.539993
AAPL,2016-02-12,42.539993
AAPL,2016-02-11,42.539993
AAPL,2016-02-10,42.539993
AAPL,2016-02-09,42.539993
AAPL,2016-02-08,42.539993
AAPL,2016-02-05,42.539993
AAPL,2016-02-04,42.539993
AAPL,2016-02-03,42.539993
AAPL,2016-02-02,42.539993
AAPL,2016-02-01,42.539993
AAPL,2016-01-29,42.539993
AAPL,2016-01-28,42.539993
AAPL,2016-01-27,42.539993
AAPL,2016-01-26,42.539993
AAPL,2016-01-25,42.539993
AAPL,2016-01-22,42.539993
AAPL,2016-01-21,42.539993
AAPL,2016-01-20,42.539993
AAPL,2016-01-19,42.539993
AAPL,2016-01-15,42.539993
AAPL,2016-01-14,42.539993
AAPL,2016-01-13,42.539993
AAPL,2016-01-12,42.539993
AAPL,2016-01-11,42.539993
AAPL,2016-01-08,42.539993
AAPL,2016-01-07,42.539993
AAPL,2016-01-06,42.539993
AAPL,2016-01-05,42.539993
AAPL,2016-01-04,42.539993
AAPL,2015-12-31,42.539993
AAPL,2015-12-30,42.539993
AAPL,2015-12-29,42.539993
AAPL,2015-12-28,42.539993
AAPL,2015-12-24,42.539993
AAPL,2015-12-23,42.539993
AAPL,2015-12-22,42.539993
AAPL,2015-12-21,42.539993
AAPL,2015-12-18,42.539993
AAPL,2015-12-17,42.539993
AAPL,2015-12-16,42.539993
AAPL,2015-12-15,42.539993
AAPL,2015-12-14,42.539993
AAPL,2015-12-11,42.539993
AAPL,2015-12-10,42.539993
AAPL,2015-12-09,42.539993
AAPL,2015-12-08,42.539993
AAPL,2015-12-07,42.539993
AAPL,2015-12-04,42.539993
AAPL,2015-12-03,42.539993
AAPL,2015-12-02,42.539993
AAPL,2015-12-01,42.539993
AAPL,2015-11-30,42.539993
AAPL,2015-11-27,42.539993
AAPL,2015-11-25,42.539993
AAPL,2015-11-24,42.539993
AAPL,2015-11-23,42.539993
AAPL,2015-11-20,42.539993
AAPL,2015-11-19,42.539993
AAPL,2015-11-18,42.539993
AAPL,2015-11-17,42.539993
AAPL,2015-11-16,42.539993
AAPL,2015-11-13,42.539993
AAPL,2015-11-12,42.539993
AAPL,2015-11-11,42.539993
AAPL,2015-11-10,42.539993
AAPL,2015-11-09,42.539993
AAPL,2015-11-06,42.539993
AAPL,2015-11-05,42.539993
AAPL,2015-11-04,42.539993
AAPL,2015-11-03,42.539993
AAPL,2015-11-02,42.539993
AAPL,2015-10-30,42.539993
AAPL,2015-10-29,42.539993
AAPL,2015-10-28,42.539993
AAPL,2015-10-27,42.539993
AAPL,2015-10-26,42.539993
AAPL,2015-10-23,42.539993
AAPL,2015-10-22,42.539993
AAPL,2015-10-21,42.539993
AAPL,2015-10-20,42.539993
AAPL,2015-10-19,42.539993
AAPL,2015-10-16,42.539993
AAPL,2015-10-15,42.539993
AAPL,2015-10-14,42.539993
AAPL,2015-10-13,42.539993
AAPL,2015-10-12,42.539993
AAPL,2015-10-09,42.539993
AAPL,2015-10-08,42.539993
AAPL,2015-10-07,42.539993
AAPL,2015-10-06,42.539993
AAPL,2015-10-05,42.539993
AAPL,2015-10-02,42.539993
AAPL,2015-10-01,42.539993
AAPL,2015-09-30,42.539993
AAPL,2015-09-29,42.539993
AAPL,2015-09-28,42.539993
AAPL,2015-09-25,42.539993
AAPL,2015-09-24,42.539993
AAPL,2015-09-23,42.539993
AAPL,2015-09-22,42.539993
AAPL,2015-09-21,42.539993
AAPL,2015-09-18,42.539993
AAPL,2015-09-17,42.539993
AAPL,2015-09-16,42.539993
AAPL,2015-09-15,42.539993
AAPL,2015-09-14,42.539993
AAPL,2015-09-11,42.539993
AAPL,2015-09-10,42.539993
AAPL,2015-09-09,42.539993
AAPL,2015-09-08,42.539993
AAPL,2015-09-04,42.539993
AAPL,2015-09-03,42.539993
AAPL,2015-09-02,42.539993
AAPL,2015-09-01,42.539993
AAPL,2015-08-31,42.539993
AAPL,2015-08-28,42.539993
AAPL,2015-08-27,42.539993
AAPL,2015-08-26,42.539993
AAPL,2015-08-25,42.539993
AAPL,2015-08-24,39.359993
AAPL,2015-08-21,39.359993
AAPL,2015-08-20,39.359993
AAPL,2015-08-19,39.359993
AAPL,2015-08-18,39.359993
AAPL,2015-08-17,39.359993
AAPL,2015-08-14,39.359993
AAPL,2015-08-13,39.699997
AAPL,2015-08-12,41.259994
AAPL,2015-08-11,41.259994
AAPL,2015-08-10,41.259994
AAPL,2015-08-07,41.259994
AAPL,2015-08-06,41.259994
AAPL,2015-08-05,41.259994
AAPL,2015-08-04,41.259994
AAPL,2015-08-03,41.259994
AAPL,2015-07-31,41.259994
AAPL,2015-07-30,41.259994
AAPL,2015-07-29,41.259994
AAPL,2015-07-28,41.259994
AAPL,2015-07-27,41.259994
AAPL,2015-07-24,41.259994
AAPL,2015-07-23,41.259994
AAPL,2015-07-22,41.519996
AAPL,2015-07-21,41.969993
AAPL,2015-07-20,41.969993
AAPL,2015-07-17,41.969993
AAPL,2015-07-16,41.969993
AAPL,2015-07-15,41.969993
AAPL,2015-07-14,41.969993
AAPL,2015-07-13,41.969993
AAPL,2015-07-10,41.969993
AAPL,2015-07-09,41.969993
AAPL,2015-07-08,41.969993
AAPL,2015-07-07,41.969993
AAPL,2015-07-06,41.969993
AAPL,2015-07-02,42.449997
AAPL,2015-07-01,43.769996
AAPL,2015-06-30,44.73999
AAPL,2015-06-29,44.889991
AAPL,2015-06-26,44.889991
AAPL,2015-06-25,44.889991
AAPL,2015-06-24,44.889991
AAPL,2015-06-23,44.889991
AAPL,2015-06-22,44.889991
AAPL,2015-06-19,44.889991
AAPL,2015-06-18,44.889991
AAPL,2015-06-17,44.889991
AAPL,2015-06-16,44.889991
AAPL,2015-06-15,44.889991
AAPL,2015-06-12,44.889991
AAPL,2015-06-11,44.889991
AAPL,2015-06-10,561.609977
AAPL,2015-06-09,561.609977
AAPL,2015-06-08,561.609977
AAPL,2015-06-05,561.609977
AAPL,2015-06-04,561.609977
AAPL,2015-06-03,561.609977
AAPL,2015-06-02,561.609977
AAPL,2015-06-01,561.609977
AAPL,2015-05-29,561.609977
AAPL,2015-05-28,561.609977
AAPL,2015-05-27,561.609977
AAPL,2015-05-26,561.609977
AAPL,2015-05-22,561.609977
AAPL,2015-05-21,561.609977
AAPL,2015-05-20,561.609977
AAPL,2015-05-19,561.609977
AAPL,2015-05-18,561.609977
AAPL,2015-05-15,561.609977
AAPL,2015-05-14,561.609977
AAPL,2015-05-13,561.609977
AAPL,2015-05-12,561.609977
AAPL,2015-05-11,561.609977
AAPL,2015-05-08,561.609977
AAPL,2015-05-07,561.609977
AAPL,2015-05-06,561.609977
AAPL,2015-05-05,561.609977
AAPL,2015-05-04,561.609977
AAPL,2015-05-01,561.609977
AAPL,2015-04-30,561.609977
AAPL,2015-04-29,561.609977
AAPL,2015-04-28,561.609977
AAPL,2015-04-27,561.609977
AAPL,2015-04-24,561.609977
AAPL,2015-04-23,561.609977
AAPL,2015-04-22,561.609977
AAPL,2015-04-21,561.609977
AAPL,2015-04-20,561.609977
AAPL,2015-04-17,561.609977
AAPL,2015-04-16,561.609977
AAPL,2015-04-15,561.609977
AAPL,2015-04-14,561.609977
AAPL,2015-04-13,561.609977
AAPL,2015-04-10,561.609977
AAPL,2015-04-09,561.609977
AAPL,2015-04-08,561.609977
AAPL,2015-04-07,561.609977
AAPL,2015-04-06,561.609977
AAPL,2015-04-02,561.609977
AAPL,2015-04-01,561.609977
AAPL,2015-03-31,561.609977
AAPL,2015-03-30,561.609977
AAPL,2015-03-27,561.609977
AAPL,2015-03-26,561.609977
AAPL,2015-03-25,561.609977
AAPL,2015-03-24,561.609977
AAPL,2015-03-23,561.609977
AAPL,2015-03-20,561.609977
AAPL,2015-03-19,561.609977
AAPL,2015-03-18,561.609977
AAPL,2015-03-17,561.609977
AAPL,2015-03-16,561.609977
AAPL,2015-03-13,561.609977
AAPL,2015-03-12,561.609977
AAPL,2015-03-11,561.609977
AAPL,2015-03-10,561.609977
AAPL,2015-03-09,561.609977
AAPL,2015-03-06,561.609977
AAPL,2015-03-05,561.609977
AAPL,2015-03-04,561.609977
AAPL,2015-03-03,561.609977
AAPL,2015-03-02,561.609977
AAPL,2015-02-27,561.609977
AAPL,2015-02-26,561.609977
AAPL,2015-02-25,561.609977
AAPL,2015-02-24,561.609977
AAPL,2015-02-23,561.609977
AAPL,2015-02-20,561.609977
AAPL,2015-02-19,561.609977
AAPL,2015-02-18,561.609977
AAPL,2015-02-17,561.609977
AAPL,2015-02-13,561.609977
AAPL,2015-02-12,561.609977
AAPL,2015-02-11,561.609977
AAPL,2015-02-10,561.609977
AAPL,2015-02-09,561.609977
AAPL,2015-02-06,561.609977
AAPL,2015-02-05,561.609977
AAPL,2015-02-04,561.609977
AAPL,2015-02-03,561.609977
AAPL,2015-02-02,561.609977
AAPL,2015-01-30,561.609977
AAPL,2015-01-29,561.609977
AAPL,2015-01-28,561.609977
AAPL,2015-01-27,561.609977
AAPL,2015-01-26,561.609977
AAPL,2015-01-23,561.609977
AAPL,2015-01-22,561.609977
AAPL,2015-01-21,561.609977
AAPL,2015-01-20,561.609977
AAPL,2015-01-16,561.609977
AAPL,2015-01-15,561.609977
AAPL,2015-01-14,561.609977
AAPL,2015-01-13,561.609977
AAPL,2015-01-12,561.609977
AAPL,2015-01-09,561.609977
AAPL,2015-01-08,561.609977
AAPL,2015-01-07,561.609977
AAPL,2015-01-06,561.609977
AAPL,2015-01-05,561.609977
AAPL,2015-01-02,561.609977
AAPL,2014-12-31,561.609977
AAPL,2014-12-30,561.609977
AAPL,2014-12-29,561.609977
AAPL,2014-12-26,561.609977
AAPL,2014-12-24,561.609977
AAPL,2014-12-23,561.609977
AAPL,2014-12-22,561.609977
AAPL,2014-12-19,561.609977
AAPL,2014-12-18,561.609977
AAPL,2014-12-17,561.609977
AAPL,2014-12-16,561.609977
AAPL,2014-12-15,561.609977
AAPL,2014-12-12,561.609977
AAPL,2014-12-11,561.609977
AAPL,2014-12-10,561.609977
AAPL,2014-12-09,561.609977
AAPL,2014-12-08,561.609977
AAPL,2014-12-05,561.609977
AAPL,2014-12-04,561.609977
AAPL,2014-12-03,561.609977
AAPL,2014-12-02,561.609977
AAPL,2014-12-01,561.609977
AAPL,2014-11-28,561.609977
AAPL,2014-11-26,561.609977
AAPL,2014-11-25,561.609977
AAPL,2014-11-24,561.609977
AAPL,2014-11-21,561.609977
AAPL,2014-11-20,561.609977
AAPL,2014-11-19,561.609977
AAPL,2014-11-18,561.609977
AAPL,2014-11-17,561.609977
AAPL,2014-11-14,561.609977
AAPL,2014-11-13,561.609977
AAPL,2014-11-12,561.609977
AAPL,2014-11-11,561.609977
AAPL,2014-11-10,561.609977
AAPL,2014-11-07,561.609977
AAPL,2014-11-06,561.609977
AAPL,2014-11-05,561.609977
AAPL,2014-11-04,561.609977
AAPL,2014-11-03,561.609977
AAPL,2014-10-31,561.609977
AAPL,2014-10-30,561.609977
AAPL,2014-10-29,561.609977
AAPL,2014-10-28,561.609977
AAPL,2014-10-27,561.609977
AAPL,2014-10-24,561.609977
AAPL,2014-10-23,561.609977
AAPL,2014-10-22,561.609977
AAPL,2014-10-21,561.609977
AAPL,2014-10-20,561.609977
AAPL,2014-10-17,561.609977
AAPL,2014-10-16,561.609977
AAPL,2014-10-15,561.609977
AAPL,2014-10-14,561.609977
AAPL,2014-10-13,561.609977
AAPL,2014-10-10,561.609977
AAPL,2014-10-09,561.609977
AAPL,2014-10-08,561.609977
AAPL,2014-10-07,561.609977
AAPL,2014-10-06,561.609977
AAPL,2014-10-03,561.609977
AAPL,2014-10-02,561.609977
AAPL,2014-10-01,561.609977
AAPL,2014-09-30,561.609977
AAPL,2014-09-29,561.609977
AAPL,2014-09-26,561.609977
AAPL,2014-09-25,561.609977
AAPL,2014-09-24,561.609977
AAPL,2014-09-23,561.609977
AAPL,2014-09-22,561.609977
AAPL,2014-09-19,561.609977
AAPL,2014-09-18,561.609977
AAPL,2014-09-17,561.609977
AAPL,2014-09-16,561.609977
AAPL,2014-09-15,561.609977
AAPL,2014-09-12,561.609977
AAPL,2014-09-11,561.609977
AAPL,2014-09-10,561.609977
AAPL,2014-09-09,561.609977
AAPL,2014-09-08,561.609977
AAPL,2014-09-05,561.609977
AAPL,2014-09-04,561.609977
AAPL,2014-09-03,561.609977
AAPL,2014-09-02,561.609977
AAPL,2014-08-29,561.609977
AAPL,2014-08-28,561.609977
AAPL,2014-08-27,561.609977
AAPL,2014-08-26,561.609977
AAPL,2014-08-25,561.609977
AAPL,2014-08-22,561.609977
AAPL,2014-08-21,561.609977
AAPL,2014-08-20,561.609977
AAPL,2014-08-19,561.609977
AAPL,2014-08-18,561.609977
AAPL,2014-08-15,561.609977
AAPL,2014-08-14,561.609977
AAPL,2014-08-13,561.609977
AAPL,2014-08-12,561.609977
AAPL,2014-08-11,561.609977
AAPL,2014-08-08,561.609977
AAPL,2014-08-07,561.609977
AAPL,2014-08-06,561.609977
AAPL,2014-08-05,561.609977
AAPL,2014-08-04,561.609977
AAPL,2014-08-01,561.609977
AAPL,2014-07-31,561.609977
AAPL,2014-07-30,561.609977
AAPL,2014-07-29,561.609977
AAPL,2014-07-28,561.609977
AAPL,2014-07-25,561.609977
AAPL,2014-07-24,561.609977
AAPL,2014-07-23,561.609977
AAPL,2014-07-22,561.609977
AAPL,2014-07-21,561.609977
AAPL,2014-07-18,561.609977
AAPL,2014-07-17,561.609977
AAPL,2014-07-16,561.609977
AAPL,2014-07-15,561.609977
AAPL,2014-07-14,561.609977
AAPL,2014-07-11,561.609977
AAPL,2014-07-10,561.609977
AAPL,2014-07-09,561.609977
AAPL,2014-07-08,561.609977
AAPL,2014-07-07,561.609977
AAPL,2014-07-03,561.609977
AAPL,2014-07-02,561.609977
AAPL,2014-07-01,561.609977
AAPL,2014-06-30,561.609977
AAPL,2014-06-27,561.609977
AAPL,2014-06-26,561.609977
AAPL,2014-06-25,561.069977
AAPL,2014-06-24,560.659981
AAPL,2014-06-23,560.379982
AAPL,2014-06-20,560.379982
AAPL,2014-06-19,560.379982
AAPL,2014-06-18,560.379982
AAPL,2014-06-17,560.379982
AAPL,2014-06-16,560.379982
AAPL,2014-06-13,559.509979
AAPL,2014-06-12,559.509979
AAPL,2014-06-11,559.509979
AAPL,2014-06-10,559.509979
AAPL,2014-06-09,262.389984
AAPL,2014-06-06,260.500008
AAPL,2014-06-05,259.020027
AAPL,2014-06-04,255.299996
AAPL,2014-06-03,255.299996
AAPL,2014-06-02,255.299996
AAPL,2014-05-30,248.000015
AAPL,2014-05-29,240.960014
AAPL,2014-05-28,236.98999
AAPL,2014-05-27,225.860016
AAPL,2014-05-23,220.980011
AAPL,2014-05-22,218.460007
AAPL,2014-05-21,218.460007
AAPL,2014-05-20,218.460007
AAPL,2014-05-19,215.539993
AAPL,2014-05-16,215.539993
AAPL,2014-05-15,215.539993
AAPL,2014-05-14,215.539993
AAPL,2014-05-13,215.539993
AAPL,2014-05-12,215.539993
AAPL,2014-05-09,215.539993
AAPL,2014-05-08,215.539993
AAPL,2014-05-07,215.539993
AAPL,2014-05-06,212.129982
AAPL,2014-05-05,210.560013
AAPL,2014-05-02,210.560013
AAPL,2014-05-01,210.560013
AAPL,2014-04-30,207.110001
AAPL,2014-04-29,206.879982
AAPL,2014-04-28,186.270004
AAPL,2014-04-25,186.270004
AAPL,2014-04-24,186.270004
AAPL,2014-04-23,190.039997
AAPL,2014-04-22,190.039997
AAPL,2014-04-21,190.039997
AAPL,2014-04-17,190.039997
AAPL,2014-04-16,190.039997
AAPL,2014-04-15,190.039997
AAPL,2014-04-14,190.039997
AAPL,2014-04-11,190.039997
AAPL,2014-04-10,190.039997
AAPL,2014-04-09,190.039997
AAPL,2014-04-08,190.039997
AAPL,2014-04-07,190.039997
AAPL,2014-04-04,190.039997
AAPL,2014-04-03,190.039997
AAPL,2014-04-02,190.039997
AAPL,2014-04-01,190.039997
AAPL,2014-03-31,190.039997
AAPL,2014-03-28,190.039997
AAPL,2014-03-27,190.039997
AAPL,2014-03-26,190.039997
AAPL,2014-03-25,190.039997
AAPL,2014-03-24,190.039997
AAPL,2014-03-21,190.039997
AAPL,2014-03-20,190.039997
AAPL,2014-03-19,190.039997
AAPL,2014-03-18,190.039997
AAPL,2014-03-17,190.039997
AAPL,2014-03-14,190.039997
AAPL,2014-03-13,190.039997
AAPL,2014-03-12,190.039997
AAPL,2014-03-11,190.039997
AAPL,2014-03-10,190.039997
AAPL,2014-03-07,190.039997
AAPL,2014-03-06,190.039997
AAPL,2014-03-05,190.039997
AAPL,2014-03-04,190.039997
AAPL,2014-03-03,190.039997
AAPL,2014-02-28,190.039997
AAPL,2014-02-27,190.039997
AAPL,2014-02-26,190.039997
AAPL,2014-02-25,190.039997
AAPL,2014-02-24,190.039997
AAPL,2014-02-21,190.039997
AAPL,2014-02-20,190.039997
AAPL,2014-02-19,190.039997
AAPL,2014-02-18,190.039997
AAPL,2014-02-14,190.039997
AAPL,2014-02-13,190.039997
AAPL,2014-02-12,190.039997
AAPL,2014-02-11,190.039997
AAPL,2014-02-10,190.039997
AAPL,2014-02-07,190.039997
AAPL,2014-02-06,190.039997
AAPL,2014-02-05,190.039997
AAPL,2014-02-04,190.039997
AAPL,2014-02-03,190.039997
AAPL,2014-01-31,190.039997
AAPL,2014-01-30,190.039997
AAPL,2014-01-29,190.039997
AAPL,2014-01-28,190.039997
AAPL,2014-01-27,190.039997
AAPL,2014-01-24,190.039997
AAPL,2014-01-23,190.039997
AAPL,2014-01-22,190.039997
AAPL,2014-01-21,190.039997
AAPL,2014-01-17,190.039997
AAPL,2014-01-16,190.039997
AAPL,2014-01-15,190.039997
AAPL,2014-01-14,190.039997
AAPL,2014-01-13,190.039997
AAPL,2014-01-10,190.039997
AAPL,2014-01-09,190.039997
AAPL,2014-01-08,190.039997
AAPL,2014-01-07,190.039997
AAPL,2014-01-06,190.039997
AAPL,2014-01-03,190.039997
AAPL,2014-01-02,190.039997
AAPL,2013-12-31,190.039997
AAPL,2013-12-30,190.039997
AAPL,2013-12-27,190.039997
AAPL,2013-12-26,190.039997
AAPL,2013-12-24,190.039997
AAPL,2013-12-23,190.039997
AAPL,2013-12-20,190.039997
AAPL,2013-12-19,190.039997
AAPL,2013-12-18,190.039997
AAPL,2013-12-17,190.039997
AAPL,2013-12-16,190.039997
AAPL,2013-12-13,190.039997
AAPL,2013-12-12,190.039997
AAPL,2013-12-11,190.039997
AAPL,2013-12-10,190.039997
AAPL,2013-12-09,190.039997
AAPL,2013-12-06,196.700016
AAPL,2013-12-05,209.490002
AAPL,2013-12-04,209.490002
AAPL,2013-12-03,209.490002
AAPL,2013-12-02,209.490002
AAPL,2013-11-29,209.490002
AAPL,2013-11-27,209.490002
AAPL,2013-11-26,209.490002
AAPL,2013-11-25,209.490002
AAPL,2013-11-22,209.490002
AAPL,2013-11-21,209.490002
AAPL,2013-11-20,209.490002
AAPL,2013-11-19,209.490002
AAPL,2013-11-18,209.490002
AAPL,2013-11-15,209.490002
AAPL,2013-11-14,209.490002
AAPL,2013-11-13,209.490002
AAPL,2013-11-12,209.490002
AAPL,2013-11-11,209.490002
AAPL,2013-11-08,209.490002
AAPL,2013-11-07,209.490002
AAPL,2013-11-06,211.850003
AAPL,2013-11-05,217.900021
AAPL,2013-11-04,217.900021
AAPL,2013-11-01,228.900006
AAPL,2013-10-31,236.899975
AAPL,2013-10-30,241.449986
AAPL,2013-10-29,248.800007
AAPL,2013-10-28,250.279988
AAPL,2013-10-25,250.279988
AAPL,2013-10-24,256.95998
AAPL,2013-10-23,267.689999
AAPL,2013-10-22,267.689999
AAPL,2013-10-21,267.689999
AAPL,2013-10-18,267.689999
AAPL,2013-10-17,267.689999
AAPL,2013-10-16,267.689999
AAPL,2013-10-15,267.689999
AAPL,2013-10-14,267.689999
AAPL,2013-10-11,280.900021
AAPL,2013-10-10,289.149983
AAPL,2013-10-09,289.149983
AAPL,2013-10-08,289.149983
AAPL,2013-10-07,291.650013
AAPL,2013-10-04,296.010006
AAPL,2013-10-03,297.070004
AAPL,2013-10-02,297.070004
AAPL,2013-10-01,307.68002
AAPL,2013-09-30,310.019993
AAPL,2013-09-27,319.970021
AAPL,2013-09-26,319.970021
AAPL,2013-09-25,319.970021
AAPL,2013-09-24,319.970021
AAPL,2013-09-23,319.970021
AAPL,2013-09-20,319.970021
AAPL,2013-09-19,319.970021
AAPL,2013-09-18,319.970021
AAPL,2013-09-17,319.970021
AAPL,2013-09-16,319.970021
AAPL,2013-09-13,319.970021
AAPL,2013-09-12,319.970021
AAPL,2013-09-11,319.970021
AAPL,2013-09-10,319.970021
AAPL,2013-09-09,319.970021
AAPL,2013-09-06,319.970021
AAPL,2013-09-05,319.970021
AAPL,2013-09-04,319.970021
AAPL,2013-09-03,319.970021
AAPL,2013-08-30,319.970021
AAPL,2013-08-29,319.970021
AAPL,2013-08-28,319.970021
AAPL,2013-08-27,319.970021
AAPL,2013-08-26,319.970021
AAPL,2013-08-23,319.970021
AAPL,2013-08-22,319.970021
AAPL,2013-08-21,319.970021
AAPL,2013-08-20,319.970021
AAPL,2013-08-19,319.970021
AAPL,2013-08-16,319.970021
AAPL,2013-08-15,319.970021
AAPL,2013-08-14,319.970021
AAPL,2013-08-13,319.970021
AAPL,2013-08-12,319.970021
AAPL,2013-08-09,319.970021
AAPL,2013-08-08,319.970021
AAPL,2013-08-07,319.970021
AAPL,2013-08-06,319.970021
AAPL,2013-08-05,319.970021
AAPL,2013-08-02,319.970021
AAPL,2013-08-01,319.970021
AAPL,2013-07-31,319.970021
AAPL,2013-07-30,319.970021
AAPL,2013-07-29,319.970021
AAPL,2013-07-26,319.970021
AAPL,2013-07-25,319.970021
AAPL,2013-07-24,319.970021
AAPL,2013-07-23,319.970021
AAPL,2013-07-22,319.970021
AAPL,2013-07-19,319.970021
AAPL,2013-07-18,319.970021
AAPL,2013-07-17,319.970021
AAPL,2013-07-16,319.970021
AAPL,2013-07-15,319.970021
AAPL,2013-07-12,319.970021
AAPL,2013-07-11,319.970021
AAPL,2013-07-10,319.970021
AAPL,2013-07-09,319.970021
AAPL,2013-07-08,319.970021
AAPL,2013-07-05,319.970021
AAPL,2013-07-03,319.970021
AAPL,2013-07-02,319.970021
AAPL,2013-07-01,319.970021
AAPL,2013-06-28,319.970021
AAPL,2013-06-27,319.970021
AAPL,2013-06-26,319.970021
AAPL,2013-06-25,319.970021
AAPL,2013-06-24,319.970021
AAPL,2013-06-21,319.970021
AAPL,2013-06-20,319.970021
AAPL,2013-06-19,319.970021
AAPL,2013-06-18,319.970021
AAPL,2013-06-17,319.970021
AAPL,2013-06-14,319.970021
AAPL,2013-06-13,319.970021
AAPL,2013-06-12,319.970021
AAPL,2013-06-11,319.970021
AAPL,2013-06-10,319.970021
AAPL,2013-06-07,319.970021
AAPL,2013-06-06,319.970021
AAPL,2013-06-05,319.970021
AAPL,2013-06-04,319.970021
AAPL,2013-06-03,319.970021
AAPL,2013-05-31,319.970021
AAPL,2013-05-30,319.970021
AAPL,2013-05-29,319.970021
AAPL,2013-05-28,319.970021
AAPL,2013-05-24,319.970021
AAPL,2013-05-23,319.970021
AAPL,2013-05-22,319.970021
AAPL,2013-05-21,319.970021
AAPL,2013-05-20,319.970021
AAPL,2013-05-17,319.970021
AAPL,2013-05-16,319.970021
AAPL,2013-05-15,319.970021
AAPL,2013-05-14,319.970021
AAPL,2013-05-13,319.970021
AAPL,2013-05-10,319.970021
AAPL,2013-05-09,319.970021
AAPL,2013-05-08,319.970021
AAPL,2013-05-07,319.970021
AAPL,2013-05-06,319.970021
AAPL,2013-05-03,319.970021
AAPL,2013-05-02,319.970021
AAPL,2013-05-01,319.970021
AAPL,2013-04-30,319.970021
AAPL,2013-04-29,319.970021
AAPL,2013-04-26,319.970021
AAPL,2013-04-25,319.970021
AAPL,2013-04-24,319.970021
AAPL,2013-04-23,319.970021
AAPL,2013-04-22,319.970021
AAPL,2013-04-19,315.330021
AAPL,2013-04-18,306.96003
AAPL,2013-04-17,286.070019
AAPL,2013-04-16,286.070019
AAPL,2013-04-15,286.070019
AAPL,2013-04-12,286.070019
AAPL,2013-04-11,286.070019
AAPL,2013-04-10,286.070019
AAPL,2013-04-09,286.070019
AAPL,2013-04-08,286.070019
AAPL,2013-04-05,286.070019
AAPL,2013-04-04,286.070019
AAPL,2013-04-03,286.070019
AAPL,2013-04-02,286.070019
AAPL,2013-04-01,286.070019
AAPL,2013-03-28,286.070019
AAPL,2013-03-27,286.070019
AAPL,2013-03-26,286.070019
AAPL,2013-03-25,286.070019
AAPL,2013-03-22,286.070019
AAPL,2013-03-21,286.070019
AAPL,2013-03-20,286.070019
AAPL,2013-03-19,286.070019
AAPL,2013-03-18,286.070019
AAPL,2013-03-15,286.070019
AAPL,2013-03-14,286.070019
AAPL,2013-03-13,286.070019
AAPL,2013-03-12,286.070019
AAPL,2013-03-11,286.070019
AAPL,2013-03-08,286.070019
AAPL,2013-03-07,286.070019
AAPL,2013-03-06,286.070019
AAPL,2013-03-05,286.070019
AAPL,2013-03-04,275.090035
AAPL,2013-03-01,270.070027
AAPL,2013-02-28,270.070027
AAPL,2013-02-27,270.070027
AAPL,2013-02-26,270.070027
AAPL,2013-02-25,270.070027
AAPL,2013-02-22,270.070027
AAPL,2013-02-21,270.070027
AAPL,2013-02-20,270.070027
AAPL,2013-02-19,270.070027
AAPL,2013-02-15,270.070027
AAPL,2013-02-14,270.070027
AAPL,2013-02-13,270.070027
AAPL,2013-02-12,270.070027
AAPL,2013-02-11,270.070027
AAPL,2013-02-08,270.070027
AAPL,2013-02-07,270.070027
AAPL,2013-02-06,270.070027
AAPL,2013-02-05,270.070027
AAPL,2013-02-04,270.070027
AAPL,2013-02-01,270.070027
AAPL,2013-01-31,270.070027
AAPL,2013-01-30,270.070027
AAPL,2013-01-29,285.52002
AAPL,2013-01-28,285.52002
AAPL,2013-01-25,285.52002
AAPL,2013-01-24,285.52002
AAPL,2013-01-23,285.52002
AAPL,2013-01-22,285.52002
AAPL,2013-01-18,286.410027
AAPL,2013-01-17,286.410027
AAPL,2013-01-16,286.410027
AAPL,2013-01-15,286.410027
AAPL,2013-01-14,286.410027
AAPL,2013-01-11,286.410027
AAPL,2013-01-10,292.400017
AAPL,2013-01-09,295.790028
AAPL,2013-01-08,296.070034
AAPL,2013-01-07,301.580014
AAPL,2013-01-04,304.560028
AAPL,2013-01-03,304.560028
AAPL,2013-01-02,304.560028
AAPL,2012-12-31,305.580025
AAPL,2012-12-28,308.970036
AAPL,2012-12-27,313.060036
AAPL,2012-12-26,317.810025
AAPL,2012-12-24,324.59002
AAPL,2012-12-21,325.500027
AAPL,2012-12-20,326.760029
AAPL,2012-12-19,327.39003
AAPL,2012-12-18,327.39003
AAPL,2012-12-17,327.39003
AAPL,2012-12-14,327.39003
AAPL,2012-12-13,327.39003
AAPL,2012-12-12,327.39003
AAPL,2012-12-11,327.39003
AAPL,2012-12-10,327.39003
AAPL,2012-12-07,327.39003
AAPL,2012-12-06,327.39003
AAPL,2012-12-05,327.39003
AAPL,2012-12-04,334.870015
AAPL,2012-12-03,334.870015
AAPL,2012-11-30,341.750012
AAPL,2012-11-29,341.750012
AAPL,2012-11-28,341.750012
AAPL,2012-11-27,341.750012
AAPL,2012-11-26,341.750012
AAPL,2012-11-23,341.750012
AAPL,2012-11-21,341.750012
AAPL,2012-11-20,341.750012
AAPL,2012-11-19,341.750012
AAPL,2012-11-16,341.750012
AAPL,2012-11-15,341.750012
AAPL,2012-11-14,341.750012
AAPL,2012-11-13,341.750012
AAPL,2012-11-12,341.750012
AAPL,2012-11-09,341.750012
AAPL,2012-11-08,341.750012
AAPL,2012-11-07,341.750012
AAPL,2012-11-06,341.750012
AAPL,2012-11-05,341.750012
AAPL,2012-11-02,341.750012
AAPL,2012-11-01,341.750012
AAPL,2012-10-31,341.750012
AAPL,2012-10-26,341.750012
AAPL,2012-10-25,341.750012
AAPL,2012-10-24,341.750012
AAPL,2012-10-23,341.750012
AAPL,2012-10-22,341.750012
AAPL,2012-10-19,341.750012
AAPL,2012-10-18,341.750012
AAPL,2012-10-17,341.750012
AAPL,2012-10-16,341.750012
AAPL,2012-10-15,341.750012
AAPL,2012-10-12,341.750012
AAPL,2012-10-11,341.750012
AAPL,2012-10-10,341.750012
AAPL,2012-10-09,341.750012
AAPL,2012-10-08,344.770028
AAPL,2012-10-05,350.830033
AAPL,2012-10-04,350.830033
AAPL,2012-10-03,350.830033
AAPL,2012-10-02,350.830033
AAPL,2012-10-01,350.830033
AAPL,2012-09-28,350.830033
AAPL,2012-09-27,350.830033
AAPL,2012-09-26,350.830033
AAPL,2012-09-25,350.830033
AAPL,2012-09-24,350.830033
AAPL,2012-09-21,349.750008
AAPL,2012-09-20,349.750008
AAPL,2012-09-19,348.089997
AAPL,2012-09-18,345.560005
AAPL,2012-09-17,342.740021
AAPL,2012-09-14,331.260025
AAPL,2012-09-13,329.049988
AAPL,2012-09-12,329.049988
AAPL,2012-09-11,329.049988
AAPL,2012-09-10,328.240036
AAPL,2012-09-07,326.630013
AAPL,2012-09-06,326.630013
AAPL,2012-09-05,326.630013
AAPL,2012-09-04,326.630013
AAPL,2012-08-31,326.630013
AAPL,2012-08-30,326.630013
AAPL,2012-08-29,326.630013
AAPL,2012-08-28,326.630013
AAPL,2012-08-27,320.640023
AAPL,2012-08-24,320.640023
AAPL,2012-08-23,320.640023
AAPL,2012-08-22,320.640023
AAPL,2012-08-21,310.910027
AAPL,2012-08-20,293.950012
AAPL,2012-08-17,289.76001
AAPL,2012-08-16,289.76001
AAPL,2012-08-15,289.76001
AAPL,2012-08-14,289.76001
AAPL,2012-08-13,289.76001
AAPL,2012-08-10,289.76001
AAPL,2012-08-09,290.980011
AAPL,2012-08-08,290.980011
AAPL,2012-08-07,290.980011
AAPL,2012-08-06,290.980011
AAPL,2012-08-03,290.980011
AAPL,2012-08-02,290.980011
AAPL,2012-08-01,290.980011
AAPL,2012-07-31,290.980011
AAPL,2012-07-30,290.980011
AAPL,2012-07-27,290.980011
AAPL,2012-07-26,290.980011
AAPL,2012-07-25,290.980011
AAPL,2012-07-24,290.980011
AAPL,2012-07-23,290.980011
AAPL,2012-07-20,290.980011
AAPL,2012-07-19,290.980011
AAPL,2012-07-18,290.980011
AAPL,2012-07-17,290.980011
AAPL,2012-07-16,290.980011
AAPL,2012-07-13,295.380005
AAPL,2012-07-12,295.380005
AAPL,2012-07-11,295.380005
AAPL,2012-07-10,295.380005
AAPL,2012-07-09,297.290009
AAPL,2012-07-06,301.500011
AAPL,2012-07-05,309.799988
AAPL,2012-07-03,311.159992
AAPL,2012-07-02,312.119987
AAPL,2012-06-29,312.119987
AAPL,2012-06-28,316.75
AAPL,2012-06-27,318.909996
AAPL,2012-06-26,325.880009
AAPL,2012-06-25,325.880009
AAPL,2012-06-22,328.799995
AAPL,2012-06-21,333.499996
AAPL,2012-06-20,333.499996
AAPL,2012-06-19,333.499996
AAPL,2012-06-18,333.499996
AAPL,2012-06-15,333.499996
AAPL,2012-06-14,333.499996
AAPL,2012-06-13,333.499996
AAPL,2012-06-12,333.499996
AAPL,2012-06-11,333.499996
AAPL,2012-06-08,333.499996
AAPL,2012-06-07,333.499996
AAPL,2012-06-06,333.499996
AAPL,2012-06-05,333.499996
AAPL,2012-06-04,333.499996
AAPL,2012-06-01,333.499996
AAPL,2012-05-31,333.499996
AAPL,2012-05-30,333.499996
AAPL,2012-05-29,333.499996
AAPL,2012-05-25,333.499996
AAPL,2012-05-24,333.499996
AAPL,2012-05-23,333.499996
AAPL,2012-05-22,333.499996
AAPL,2012-05-21,333.499996
AAPL,2012-05-18,333.499996
AAPL,2012-05-17,333.499996
AAPL,2012-05-16,333.499996
AAPL,2012-05-15,333.499996
AAPL,2012-05-14,333.499996
AAPL,2012-05-11,333.499996
AAPL,2012-05-10,333.499996
AAPL,2012-05-09,333.499996
AAPL,2012-05-08,333.499996
AAPL,2012-05-07,333.499996
AAPL,2012-05-04,333.499996
AAPL,2012-05-03,333.499996
AAPL,2012-05-02,333.499996
AAPL,2012-05-01,333.499996
AAPL,2012-04-30,333.499996
AAPL,2012-04-27,333.499996
AAPL,2012-04-26,333.499996
AAPL,2012-04-25,333.499996
AAPL,2012-04-24,333.499996
AAPL,2012-04-23,333.499996
AAPL,2012-04-20,333.499996
AAPL,2012-04-19,333.499996
AAPL,2012-04-18,333.499996
AAPL,2012-04-17,333.499996
AAPL,2012-04-16,333.499996
AAPL,2012-04-13,333.499996
AAPL,2012-04-12,333.499996
AAPL,2012-04-11,333.499996
AAPL,2012-04-10,329.340008
AAPL,2012-04-09,324.160023
AAPL,2012-04-05,321.70998
AAPL,2012-04-04,321.70998
AAPL,2012-04-03,310.950001
AAPL,2012-04-02,310.950001
AAPL,2012-03-30,310.950001
AAPL,2012-03-29,310.950001
AAPL,2012-03-28,305.780002
AAPL,2012-03-27,299.149998
AAPL,2012-03-26,299.149998
AAPL,2012-03-23,299.149998
AAPL,2012-03-22,299.149998
AAPL,2012-03-21,296.399975
AAPL,2012-03-20,291.269977
AAPL,2012-03-19,289.509991
AAPL,2012-03-16,289.509991
AAPL,2012-03-15,284.21999
AAPL,2012-03-14,257.679996
AAPL,2012-03-13,241.499973
AAPL,2012-03-12,237.70998
AAPL,2012-03-09,237.70998
AAPL,2012-03-08,237.70998
AAPL,2012-03-07,237.70998
AAPL,2012-03-06,237.70998
AAPL,2012-03-05,237.70998
AAPL,2012-03-02,237.70998
AAPL,2012-03-01,237.110019
AAPL,2012-02-29,224.910007
AAPL,2012-02-28,217.999996
AAPL,2012-02-27,215.790012
AAPL,2012-02-24,215.790012
AAPL,2012-02-23,215.790012
AAPL,2012-02-22,215.790012
AAPL,2012-02-21,215.790012
AAPL,2012-02-17,215.790012
AAPL,2012-02-16,215.790012
AAPL,2012-02-15,199.060016
AAPL,2012-02-14,193.330005
AAPL,2012-02-13,187.119983
AAPL,2012-02-10,186.250004
AAPL,2012-02-09,166.289974
AAPL,2012-02-08,159.249973
AAPL,2012-02-07,154.479984
AAPL,2012-02-06,149.500004
AAPL,2012-02-03,148.489994
AAPL,2012-02-02,148.489994
AAPL,2012-02-01,147.740017
AAPL,2012-01-31,143.94997
AAPL,2012-01-30,143.94997
AAPL,2012-01-27,143.94997
AAPL,2012-01-26,143.94997
AAPL,2012-01-25,120.870003
AAPL,2012-01-24,120.870003
AAPL,2012-01-23,120.870003
AAPL,2012-01-20,120.870003
AAPL,2012-01-19,118.969986
AAPL,2012-01-18,117.25
AAPL,2012-01-17,117.25
AAPL,2012-01-13,117.25
AAPL,2012-01-12,117.25
AAPL,2012-01-11,117.25
AAPL,2012-01-10,117.25
AAPL,2012-01-09,116.199989
AAPL,2012-01-06,116.199989
AAPL,2012-01-05,116.199989
AAPL,2012-01-04,116.199989
AAPL,2012-01-03,116.199989
AAPL,2011-12-30,116.199989
AAPL,2011-12-29,116.199989
AAPL,2011-12-28,116.199989
AAPL,2011-12-27,116.199989
AAPL,2011-12-23,116.199989
AAPL,2011-12-22,116.199989
AAPL,2011-12-21,116.199989
AAPL,2011-12-20,116.199989
AAPL,2011-12-19,116.199989
AAPL,2011-12-16,116.199989
AAPL,2011-12-15,116.199989
AAPL,2011-12-14,116.199989
AAPL,2011-12-13,116.199989
AAPL,2011-12-12,116.199989
AAPL,2011-12-09,116.199989
AAPL,2011-12-08,116.199989
AAPL,2011-12-07,116.199989
AAPL,2011-12-06,116.199989
AAPL,2011-12-05,116.199989
AAPL,2011-12-02,116.199989
AAPL,2011-12-01,116.199989
AAPL,2011-11-30,116.199989
AAPL,2011-11-29,116.199989
AAPL,2011-11-28,116.199989
AAPL,2011-11-25,120.139999
AAPL,2011-11-23,120.830002
AAPL,2011-11-22,121.460003
AAPL,2011-11-21,122.010002
AAPL,2011-11-18,128.939987
AAPL,2011-11-17,128.939987
AAPL,2011-11-16,128.939987
AAPL,2011-11-15,128.939987
AAPL,2011-11-14,128.939987
AAPL,2011-11-11,128.939987
AAPL,2011-11-10,128.939987
AAPL,2011-11-09,128.939987
AAPL,2011-11-08,128.939987
AAPL,2011-11-07,128.939987
AAPL,2011-11-04,128.939987
AAPL,2011-11-03,128.939987
AAPL,2011-11-02,128.939987
AAPL,2011-11-01,128.939987
AAPL,2011-10-31,128.939987
AAPL,2011-10-28,128.939987
AAPL,2011-10-27,128.939987
AAPL,2011-10-26,128.939987
AAPL,2011-10-25,128.939987
AAPL,2011-10-24,128.939987
AAPL,2011-10-21,128.939987
AAPL,2011-10-20,128.939987
AAPL,2011-10-19,128.939987
AAPL,2011-10-18,128.939987
AAPL,2011-10-17,125.100006
AAPL,2011-10-14,125.100006
AAPL,2011-10-13,130.370007
AAPL,2011-10-12,130.370007
AAPL,2011-10-11,132.860023
AAPL,2011-10-10,135.950001
AAPL,2011-10-07,137.600025
AAPL,2011-10-06,141.040024
AAPL,2011-10-05,145.090023
AAPL,2011-10-04,145.090023
AAPL,2011-10-03,145.090023
AAPL,2011-09-30,145.090023
AAPL,2011-09-29,147.86002
AAPL,2011-09-28,147.86002
AAPL,2011-09-27,147.86002
AAPL,2011-09-26,147.86002
AAPL,2011-09-23,147.86002
AAPL,2011-09-22,147.86002
AAPL,2011-09-21,147.86002
AAPL,2011-09-20,139.550003
AAPL,2011-09-19,134.999992
AAPL,2011-09-16,136.660003
AAPL,2011-09-15,138.980003
AAPL,2011-09-14,138.980003
AAPL,2011-09-13,143.09999
AAPL,2011-09-12,143.09999
AAPL,2011-09-09,145.39999
AAPL,2011-09-08,148.249988
AAPL,2011-09-07,149.999988
AAPL,2011-09-06,155.930004
AAPL,2011-09-02,158.219989
AAPL,2011-09-01,164.150005
AAPL,2011-08-31,164.150005
AAPL,2011-08-30,168.939994
AAPL,2011-08-29,168.939994
AAPL,2011-08-26,168.939994
AAPL,2011-08-25,168.939994
AAPL,2011-08-24,168.939994
AAPL,2011-08-23,168.939994
AAPL,2011-08-22,168.939994
AAPL,2011-08-19,168.939994
AAPL,2011-08-18,168.939994
AAPL,2011-08-17,168.939994
AAPL,2011-08-16,168.939994
AAPL,2011-08-15,168.939994
AAPL,2011-08-12,168.939994
AAPL,2011-08-11,168.939994
AAPL,2011-08-10,168.939994
AAPL,2011-08-09,168.939994
AAPL,2011-08-08,168.939994
AAPL,2011-08-05,168.939994
AAPL,2011-08-04,168.939994
AAPL,2011-08-03,168.939994
AAPL,2011-08-02,168.939994
AAPL,2011-08-01,168.939994
AAPL,2011-07-29,168.939994
AAPL,2011-07-28,168.939994
AAPL,2011-07-27,168.939994
AAPL,2011-07-26,164.439998
AAPL,2011-07-25,160.710006
AAPL,2011-07-22,160.710006
AAPL,2011-07-21,160.710006
AAPL,2011-07-20,143.090004
AAPL,2011-07-19,139.089992
AAPL,2011-07-18,129.439998
AAPL,2011-07-15,129.339996
AAPL,2011-07-14,129.339996
AAPL,2011-07-13,129.339996
AAPL,2011-07-12,129.339996
AAPL,2011-07-11,129.339996
AAPL,2011-07-08,129.339996
AAPL,2011-07-07,129.339996
AAPL,2011-07-06,129.339996
AAPL,2011-07-05,129.339996
AAPL,2011-07-01,129.339996
AAPL,2011-06-30,129.339996
AAPL,2011-06-29,129.339996
AAPL,2011-06-28,129.339996
AAPL,2011-06-27,129.339996
AAPL,2011-06-24,129.339996
AAPL,2011-06-23,129.339996
AAPL,2011-06-22,129.339996
AAPL,2011-06-21,129.339996
AAPL,2011-06-20,129.339996
AAPL,2011-06-17,129.339996
AAPL,2011-06-16,129.339996
AAPL,2011-06-15,129.339996
AAPL,2011-06-14,129.339996
AAPL,2011-06-13,129.339996
AAPL,2011-06-10,129.339996
AAPL,2011-06-09,129.339996
AAPL,2011-06-08,129.339996
AAPL,2011-06-07,129.339996
AAPL,2011-06-06,129.339996
AAPL,2011-06-03,129.339996
AAPL,2011-06-02,129.339996
AAPL,2011-06-01,129.339996
AAPL,2011-05-31,129.339996
AAPL,2011-05-27,129.339996
AAPL,2011-05-26,129.339996
AAPL,2011-05-25,129.339996
AAPL,2011-05-24,133.549999
AAPL,2011-05-23,133.549999
AAPL,2011-05-20,133.549999
AAPL,2011-05-19,133.549999
AAPL,2011-05-18,133.549999
AAPL,2011-05-17,133.549999
AAPL,2011-05-16,133.549999
AAPL,2011-05-13,133.549999
AAPL,2011-05-12,133.549999
AAPL,2011-05-11,133.549999
AAPL,2011-05-10,139.690006
AAPL,2011-05-09,165.65
AAPL,2011-05-06,165.65
AAPL,2011-05-05,165.65
AAPL,2011-05-04,165.65
AAPL,2011-05-03,165.65
AAPL,2011-05-02,165.65
AAPL,2011-04-29,165.65
AAPL,2011-04-28,165.65
AAPL,2011-04-27,165.65
AAPL,2011-04-26,165.65
AAPL,2011-04-25,165.65
AAPL,2011-04-21,165.65
AAPL,2011-04-20,165.65
AAPL,2011-04-19,165.65
AAPL,2011-04-18,165.65
AAPL,2011-04-15,165.65
AAPL,2011-04-14,165.65
AAPL,2011-04-13,165.65
AAPL,2011-04-12,165.65
AAPL,2011-04-11,165.65
AAPL,2011-04-08,165.65
AAPL,2011-04-07,165.65
AAPL,2011-04-06,165.65
AAPL,2011-04-05,165.65
AAPL,2011-04-04,165.65
AAPL,2011-04-01,165.65
AAPL,2011-03-31,165.65
AAPL,2011-03-30,165.65
AAPL,2011-03-29,165.65
AAPL,2011-03-28,165.65
AAPL,2011-03-25,165.65
AAPL,2011-03-24,165.65
AAPL,2011-03-23,165.65
AAPL,2011-03-22,165.65
AAPL,2011-03-21,165.65
AAPL,2011-03-18,165.65
AAPL,2011-03-17,165.65
AAPL,2011-03-16,165.65
AAPL,2011-03-15,165.65
AAPL,2011-03-14,165.65
AAPL,2011-03-11,165.65
AAPL,2011-03-10,165.65
AAPL,2011-03-09,165.65
AAPL,2011-03-08,165.65
AAPL,2011-03-07,165.65
AAPL,2011-03-04,165.65
AAPL,2011-03-03,165.65
AAPL,2011-03-02,165.65
AAPL,2011-03-01,168.01
AAPL,2011-02-28,168.01
AAPL,2011-02-25,169.190001
AAPL,2011-02-24,169.190001
AAPL,2011-02-23,169.190001
AAPL,2011-02-22,169.190001
AAPL,2011-02-18,169.190001
AAPL,2011-02-17,169.190001
AAPL,2011-02-16,164.499987
AAPL,2011-02-15,165.939993
AAPL,2011-02-14,165.939993
AAPL,2011-02-11,165.939993
AAPL,2011-02-10,164.999998
AAPL,2011-02-09,164.669991
AAPL,2011-02-08,162.400006
AAPL,2011-02-07,157.749993
AAPL,2011-02-04,157.749993
AAPL,2011-02-03,157.749993
AAPL,2011-02-02,158.349993
AAPL,2011-02-01,158.349993
AAPL,2011-01-31,158.349993
AAPL,2011-01-28,158.349993
AAPL,2011-01-27,158.349993
AAPL,2011-01-26,158.349993
AAPL,2011-01-25,158.349993
AAPL,2011-01-24,158.349993
AAPL,2011-01-21,158.349993
AAPL,2011-01-20,158.349993
AAPL,2011-01-19,158.22999
AAPL,2011-01-18,158.22999
AAPL,2011-01-14,156.390001
AAPL,2011-01-13,154.709989
AAPL,2011-01-12,154.709989
AAPL,2011-01-11,152.97999
AAPL,2011-01-10,146.099993
AAPL,2011-01-07,144.999994
AAPL,2011-01-06,144.089987
AAPL,2011-01-05,142.249998
AAPL,2011-01-04,140.01
AAPL,2011-01-03,136.409998
AAPL,2010-12-31,136.409998
AAPL,2010-12-30,136.409998
AAPL,2010-12-29,136.409998
AAPL,2010-12-28,135.470003
AAPL,2010-12-27,135.470003
AAPL,2010-12-23,135.470003
AAPL,2010-12-22,134.809988
AAPL,2010-12-21,134.809988
AAPL,2010-12-20,134.809988
AAPL,2010-12-17,134.809988
AAPL,2010-12-16,134.809988
AAPL,2010-12-15,134.809988
AAPL,2010-12-14,134.809988
AAPL,2010-12-13,135.289999
AAPL,2010-12-10,135.309999
AAPL,2010-12-09,135.309999
AAPL,2010-12-08,135.309999
AAPL,2010-12-07,133.649988
AAPL,2010-12-06,132.620005
AAPL,2010-12-03,132.620005
AAPL,2010-12-02,132.620005
AAPL,2010-12-01,132.620005
AAPL,2010-11-30,132.620005
AAPL,2010-11-29,132.620005
AAPL,2010-11-26,132.620005
AAPL,2010-11-24,132.620005
AAPL,2010-11-23,132.620005
AAPL,2010-11-22,132.620005
AAPL,2010-11-19,132.620005
AAPL,2010-11-18,132.620005
AAPL,2010-11-17,132.620005
AAPL,2010-11-16,132.620005
AAPL,2010-11-15,132.620005
AAPL,2010-11-12,132.620005
AAPL,2010-11-11,132.620005
AAPL,2010-11-10,132.620005
AAPL,2010-11-09,131.500006
AAPL,2010-11-08,134.260016
AAPL,2010-11-05,134.61001
AAPL,2010-11-04,133.430009
AAPL,2010-11-03,133.430009
AAPL,2010-11-02,133.430009
AAPL,2010-11-01,133.430009
AAPL,2010-10-29,133.430009
AAPL,2010-10-28,133.430009
AAPL,2010-10-27,133.430009
AAPL,2010-10-26,133.430009
AAPL,2010-10-25,133.430009
AAPL,2010-10-22,133.45001
AAPL,2010-10-21,133.45001
AAPL,2010-10-20,133.45001
AAPL,2010-10-19,133.45001
AAPL,2010-10-18,129.449999
AAPL,2010-10-15,116.919993
AAPL,2010-10-14,116.409994
AAPL,2010-10-13,113.949991
AAPL,2010-10-12,111.689993
AAPL,2010-10-11,109.180002
AAPL,2010-10-08,110.460004
AAPL,2010-10-07,113.380005
AAPL,2010-10-06,114.030006
AAPL,2010-10-05,114.030006
AAPL,2010-10-04,114.030006
AAPL,2010-10-01,114.030006
AAPL,2010-09-30,114.030006
AAPL,2010-09-29,114.030006
AAPL,2010-09-28,114.030006
AAPL,2010-09-27,112.830006
AAPL,2010-09-24,112.060001
AAPL,2010-09-23,107.279999
AAPL,2010-09-22,106.649998
AAPL,2010-09-21,105.900007
AAPL,2010-09-20,105.419997
AAPL,2010-09-17,108.759993
AAPL,2010-09-16,108.759993
AAPL,2010-09-15,108.759993
AAPL,2010-09-14,109.309992
AAPL,2010-09-13,109.309992
AAPL,2010-09-10,111.919985
AAPL,2010-09-09,114.009993
AAPL,2010-09-08,114.899987
AAPL,2010-09-07,114.899987
AAPL,2010-09-03,114.899987
AAPL,2010-09-02,114.899987
AAPL,2010-09-01,114.899987
AAPL,2010-08-31,114.899987
AAPL,2010-08-30,114.899987
AAPL,2010-08-27,114.899987
AAPL,2010-08-26,114.899987
AAPL,2010-08-25,114.899987
AAPL,2010-08-24,116.559985
AAPL,2010-08-23,117.599995
AAPL,2010-08-20,119.589987
AAPL,2010-08-19,119.589987
AAPL,2010-08-18,119.589987
AAPL,2010-08-17,119.589987
AAPL,2010-08-16,119.589987
AAPL,2010-08-13,119.589987
AAPL,2010-08-12,119.589987
AAPL,2010-08-11,119.589987
AAPL,2010-08-10,119.589987
AAPL,2010-08-09,119.589987
AAPL,2010-08-06,119.589987
AAPL,2010-08-05,119.589987
AAPL,2010-08-04,119.589987
AAPL,2010-08-03,120.759987
AAPL,2010-08-02,121.409989
AAPL,2010-07-30,121.749996
AAPL,2010-07-29,122.509987
AAPL,2010-07-28,123.449995
AAPL,2010-07-27,123.449995
AAPL,2010-07-26,129.259995
AAPL,2010-07-23,129.259995
AAPL,2010-07-22,130.379994
AAPL,2010-07-21,133.439997
AAPL,2010-07-20,134.689986
AAPL,2010-07-19,137.849991
AAPL,2010-07-16,141.479994
AAPL,2010-07-15,142.689995
AAPL,2010-07-14,143.079991
AAPL,2010-07-13,144.589985
AAPL,2010-07-12,144.589985
AAPL,2010-07-09,144.589985
AAPL,2010-07-08,144.589985
AAPL,2010-07-07,144.589985
AAPL,2010-07-06,144.589985
AAPL,2010-07-02,144.589985
AAPL,2010-07-01,144.589985
AAPL,2010-06-30,144.589985
AAPL,2010-06-29,144.589985
AAPL,2010-06-28,146.129994
AAPL,2010-06-25,146.129994
AAPL,2010-06-24,146.129994
AAPL,2010-06-23,146.129994
AAPL,2010-06-22,146.129994
AAPL,2010-06-21,142.119995
AAPL,2010-06-18,140.020001
AAPL,2010-06-17,139.579991
AAPL,2010-06-16,139.579991
AAPL,2010-06-15,139.579991
AAPL,2010-06-14,139.579991
AAPL,2010-06-11,139.579991
AAPL,2010-06-10,139.579991
AAPL,2010-06-09,139.579991
AAPL,2010-06-08,139.579991
AAPL,2010-06-07,139.579991
AAPL,2010-06-04,139.579991
AAPL,2010-06-03,139.579991
AAPL,2010-06-02,140.429983
AAPL,2010-06-01,141.549982
AAPL,2010-05-28,147.909994
AAPL,2010-05-27,150.709992
AAPL,2010-05-26,150.709992
AAPL,2010-05-25,150.709992
AAPL,2010-05-24,150.709992
AAPL,2010-05-21,150.889983
AAPL,2010-05-20,150.889983
AAPL,2010-05-19,152.759985
AAPL,2010-05-18,153.079993
AAPL,2010-05-17,153.079993
AAPL,2010-05-14,153.079993
AAPL,2010-05-13,153.079993
AAPL,2010-05-12,153.079993
AAPL,2010-05-11,153.079993
AAPL,2010-05-10,153.079993
AAPL,2010-05-07,153.079993
AAPL,2010-05-06,153.079993
AAPL,2010-05-05,153.079993
AAPL,2010-05-04,153.079993
AAPL,2010-05-03,153.079993
AAPL,2010-04-30,153.079993
AAPL,2010-04-29,153.079993
AAPL,2010-04-28,153.079993
AAPL,2010-04-27,153.079993
AAPL,2010-04-26,153.580004
AAPL,2010-04-23,148.15
AAPL,2010-04-22,141.649985
AAPL,2010-04-21,132.540003
AAPL,2010-04-20,135.380001
AAPL,2010-04-19,135.380001
AAPL,2010-04-16,133.269993
AAPL,2010-04-15,130.049999
AAPL,2010-04-14,128.48999
AAPL,2010-04-13,128.879999
AAPL,2010-04-12,128.640007
AAPL,2010-04-09,128.640007
AAPL,2010-04-08,132.140007
AAPL,2010-04-07,136.349997
AAPL,2010-04-06,134.840002
AAPL,2010-04-05,136.120004
AAPL,2010-04-01,134.869989
AAPL,2010-03-31,134.869989
AAPL,2010-03-30,131.26
AAPL,2010-03-29,129.340009
AAPL,2010-03-26,129.220014
AAPL,2010-03-25,129.630009
AAPL,2010-03-24,128.530005
AAPL,2010-03-23,128.009993
AAPL,2010-03-22,132.659992
AAPL,2010-03-19,133.549993
AAPL,2010-03-18,133.549993
AAPL,2010-03-17,135.729989
AAPL,2010-03-16,138.149991
AAPL,2010-03-15,143.36999
AAPL,2010-03-12,142.930007
AAPL,2010-03-11,143.150005
AAPL,2010-03-10,142.669994
AAPL,2010-03-09,137.760002
AAPL,2010-03-08,137.369993
AAPL,2010-03-05,133.259992
AAPL,2010-03-04,133.259992
AAPL,2010-03-03,133.259992
AAPL,2010-03-02,133.259992
AAPL,2010-03-01,133.259992
AAPL,2010-02-26,133.259992
AAPL,2010-02-25,133.259992
AAPL,2010-02-24,133.259992
AAPL,2010-02-23,133.259992
AAPL,2010-02-22,133.259992
AAPL,2010-02-19,133.259992
AAPL,2010-02-18,133.259992
AAPL,2010-02-17,133.259992
AAPL,2010-02-16,133.259992
AAPL,2010-02-12,133.259992
AAPL,2010-02-11,133.259992
AAPL,2010-02-10,133.259992
AAPL,2010-02-09,133.259992
AAPL,2010-02-08,133.259992
AAPL,2010-02-05,133.259992
AAPL,2010-02-04,133.259992
AAPL,2010-02-03,133.259992
AAPL,2010-02-02,133.259992
AAPL,2010-02-01,133.259992
AAPL,2010-01-29,133.259992
AAPL,2010-01-28,133.259992
AAPL,2010-01-27,133.259992
AAPL,2010-01-26,136.279995
AAPL,2010-01-25,137.389993
AAPL,2010-01-22,137.389993
AAPL,2010-01-21,137.389993
AAPL,2010-01-20,137.389993
AAPL,2010-01-19,137.389993
AAPL,2010-01-15,137.389993
AAPL,2010-01-14,137.389993
AAPL,2010-01-13,137.389993
AAPL,2010-01-12,137.389993
AAPL,2010-01-11,137.389993
AAPL,2010-01-08,137.389993
AAPL,2010-01-07,137.389993
AAPL,2010-01-06,137.389993
AAPL,2010-01-05,136.299995
AAPL,2010-01-04,135.749996
AAPL,2009-12-31,135.749996
AAPL,2009-12-30,135.749996
AAPL,2009-12-29,135.749996
AAPL,2009-12-28,131.149997
AAPL,2009-12-24,130.509996
AAPL,2009-12-23,130.509996
AAPL,2009-12-22,130.509996
AAPL,2009-12-21,130.509996
AAPL,2009-12-18,130.509996
AAPL,2009-12-17,130.509996
AAPL,2009-12-16,130.509996
AAPL,2009-12-15,130.509996
AAPL,2009-12-14,130.509996
AAPL,2009-12-11,130.509996
AAPL,2009-12-10,130.509996
AAPL,2009-12-09,130.509996
AAPL,2009-12-08,130.509996
AAPL,2009-12-07,130.509996
AAPL,2009-12-04,130.509996
AAPL,2009-12-03,130.509996
AAPL,2009-12-02,130.509996
AAPL,2009-12-01,130.509996
AAPL,2009-11-30,130.509996
AAPL,2009-11-27,130.509996
AAPL,2009-11-25,130.509996
AAPL,2009-11-24,130.509996
AAPL,2009-11-23,130.509996
AAPL,2009-11-20,130.509996
AAPL,2009-11-19,130.509996
AAPL,2009-11-18,130.509996
AAPL,2009-11-17,130.509996
AAPL,2009-11-16,130.509996
AAPL,2009-11-13,130.509996
AAPL,2009-11-12,130.509996
AAPL,2009-11-11,130.509996
AAPL,2009-11-10,130.509996
AAPL,2009-11-09,130.509996
AAPL,2009-11-06,130.509996
AAPL,2009-11-05,130.509996
AAPL,2009-11-04,130.509996
AAPL,2009-11-03,130.509996
AAPL,2009-11-02,130.509996
AAPL,2009-10-30,130.509996
AAPL,2009-10-29,130.509996
AAPL,2009-10-28,130.509996
AAPL,2009-10-27,130.509996
AAPL,2009-10-26,130.509996
AAPL,2009-10-23,130.509996
AAPL,2009-10-22,130.509996
AAPL,2009-10-21,123.549997
AAPL,2009-10-20,114.119995
AAPL,2009-10-19,114.119995
AAPL,2009-10-16,114.119995
AAPL,2009-10-15,114.119995
AAPL,2009-10-14,113.310003
AAPL,2009-10-13,113.310003
AAPL,2009-10-12,113.250002
AAPL,2009-10-09,113.250002
AAPL,2009-10-08,112.349994
AAPL,2009-10-07,111.809995
AAPL,2009-10-06,110.699997
AAPL,2009-10-05,110.699997
AAPL,2009-10-02,110.699997
AAPL,2009-10-01,110.699997
AAPL,2009-09-30,110.699997
AAPL,2009-09-29,110.699997
AAPL,2009-09-28,110.699997
AAPL,2009-09-25,110.699997
AAPL,2009-09-24,110.699997
AAPL,2009-09-23,108.590002
AAPL,2009-09-22,108.590002
AAPL,2009-09-21,108.590002
AAPL,2009-09-18,108.590002
AAPL,2009-09-17,104.550003
AAPL,2009-09-16,97.450001
AAPL,2009-09-15,96.27
AAPL,2009-09-14,96.27
AAPL,2009-09-11,96.27
AAPL,2009-09-10,96.27
AAPL,2009-09-09,94.939996
AAPL,2009-09-08,94.289995
AAPL,2009-09-04,95.300005
AAPL,2009-09-03,95.300005
AAPL,2009-09-02,98.050001
AAPL,2009-09-01,98.050001
AAPL,2009-08-31,98.050001
AAPL,2009-08-28,98.050001
AAPL,2009-08-27,99.300003
AAPL,2009-08-26,99.300003
AAPL,2009-08-25,99.300003
AAPL,2009-08-24,99.300003
AAPL,2009-08-21,99.609997
AAPL,2009-08-20,101.550001
AAPL,2009-08-19,102.250004
AAPL,2009-08-18,102.250004
AAPL,2009-08-17,102.250004
AAPL,2009-08-14,102.250004
AAPL,2009-08-13,102.250004
AAPL,2009-08-12,102.250004
AAPL,2009-08-11,102.250004
AAPL,2009-08-10,102.250004
AAPL,2009-08-07,102.250004
AAPL,2009-08-06,102.250004
AAPL,2009-08-05,102.250004
AAPL,2009-08-04,102.250004
AAPL,2009-08-03,102.250004
AAPL,2009-07-31,102.250004
AAPL,2009-07-30,102.250004
AAPL,2009-07-29,102.250004
AAPL,2009-07-28,102.250004
AAPL,2009-07-27,102.250004
AAPL,2009-07-24,102.250004
AAPL,2009-07-23,102.250004
AAPL,2009-07-22,102.250004
AAPL,2009-07-21,102.250004
AAPL,2009-07-20,102.250004
AAPL,2009-07-17,102.250004
AAPL,2009-07-16,102.250004
AAPL,2009-07-15,102.250004
AAPL,2009-07-14,102.710001
AAPL,2009-07-13,102.710001
AAPL,2009-07-10,102.710001
AAPL,2009-07-09,102.710001
AAPL,2009-07-08,102.710001
AAPL,2009-07-07,102.710001
AAPL,2009-07-06,102.710001
AAPL,2009-07-02,102.710001
AAPL,2009-07-01,102.710001
AAPL,2009-06-30,102.710001
AAPL,2009-06-29,102.710001
AAPL,2009-06-26,102.710001
AAPL,2009-06-25,102.800003
AAPL,2009-06-24,104.139993
AAPL,2009-06-23,104.139993
AAPL,2009-06-22,104.139993
AAPL,2009-06-19,104.139993
AAPL,2009-06-18,104.139993
AAPL,2009-06-17,104.399999
AAPL,2009-06-16,107.799997
AAPL,2009-06-15,108.580002
AAPL,2009-06-12,108.580002
AAPL,2009-06-11,111.749994
AAPL,2009-06-10,111.749994
AAPL,2009-06-09,111.749994
AAPL,2009-06-08,111.749994
AAPL,2009-06-05,111.749994
AAPL,2009-06-04,111.749994
AAPL,2009-06-03,111.749994
AAPL,2009-06-02,111.749994
AAPL,2009-06-01,111.749994
AAPL,2009-05-29,111.749994
AAPL,2009-05-28,111.749994
AAPL,2009-05-27,111.749994
AAPL,2009-05-26,111.749994
AAPL,2009-05-22,111.749994
AAPL,2009-05-21,112.100002
AAPL,2009-05-20,112.100002
AAPL,2009-05-19,114.039993
AAPL,2009-05-18,114.039993
AAPL,2009-05-15,114.039993
AAPL,2009-05-14,114.039993
AAPL,2009-05-13,114.039993
AAPL,2009-05-12,114.039993
AAPL,2009-05-11,114.039993
AAPL,2009-05-08,114.039993
AAPL,2009-05-07,114.039993
AAPL,2009-05-06,114.039993
AAPL,2009-05-05,114.039993
AAPL,2009-05-04,114.039993
AAPL,2009-05-01,114.039993
AAPL,2009-04-30,114.039993
AAPL,2009-04-29,114.039993
AAPL,2009-04-28,114.039993
AAPL,2009-04-27,114.039993
AAPL,2009-04-24,114.039993
AAPL,2009-04-23,114.039993
AAPL,2009-04-22,114.039993
AAPL,2009-04-21,114.039993
AAPL,2009-04-20,114.039993
AAPL,2009-04-17,114.039993
AAPL,2009-04-16,114.039993
AAPL,2009-04-15,114.039993
AAPL,2009-04-14,114.039993
AAPL,2009-04-13,114.039993
AAPL,2009-04-09,114.039993
AAPL,2009-04-08,114.039993
AAPL,2009-04-07,114.039993
AAPL,2009-04-06,114.039993
AAPL,2009-04-03,114.039993
AAPL,2009-04-02,114.039993
AAPL,2009-04-01,114.039993
AAPL,2009-03-31,114.039993
AAPL,2009-03-30,114.039993
AAPL,2009-03-27,114.039993
AAPL,2009-03-26,114.039993
AAPL,2009-03-25,114.039993
AAPL,2009-03-24,114.039993
AAPL,2009-03-23,114.039993
AAPL,2009-03-20,114.039993
AAPL,2009-03-19,114.039993
AAPL,2009-03-18,114.039993
AAPL,2009-03-17,114.039993
AAPL,2009-03-16,114.039993
AAPL,2009-03-13,114.039993
AAPL,2009-03-12,114.039993
AAPL,2009-03-11,114.039993
AAPL,2009-03-10,114.039993
AAPL,2009-03-09,114.039993
AAPL,2009-03-06,114.039993
AAPL,2009-03-05,114.039993
AAPL,2009-03-04,114.039993
AAPL,2009-03-03,114.039993
AAPL,2009-03-02,114.039993
AAPL,2009-02-27,114.039993
AAPL,2009-02-26,114.039993
AAPL,2009-02-25,114.039993
AAPL,2009-02-24,114.039993
AAPL,2009-02-23,114.039993
AAPL,2009-02-20,114.039993
AAPL,2009-02-19,114.039993
AAPL,2009-02-18,114.039993
AAPL,2009-02-17,114.039993
AAPL,2009-02-13,114.039993
AAPL,2009-02-12,114.039993
AAPL,2009-02-11,114.039993
AAPL,2009-02-10,114.039993
AAPL,2009-02-09,114.039993
AAPL,2009-02-06,114.039993
AAPL,2009-02-05,114.039993
AAPL,2009-02-04,114.039993
AAPL,2009-02-03,114.039993
AAPL,2009-02-02,114.039993
AAPL,2009-01-30,114.039993
AAPL,2009-01-29,114.039993
AAPL,2009-01-28,114.039993
AAPL,2009-01-27,114.039993
AAPL,2009-01-26,114.039993
AAPL,2009-01-23,114.039993
AAPL,2009-01-22,114.039993
AAPL,2009-01-21,114.039993
AAPL,2009-01-20,113.099992
AAPL,2009-01-16,113.099992
AAPL,2009-01-15,113.099992
AAPL,2009-01-14,113.099992
AAPL,2009-01-13,113.099992
AAPL,2009-01-12,113.099992
AAPL,2009-01-09,113.099992
AAPL,2009-01-08,113.859996
AAPL,2009-01-07,118.250003
AAPL,2009-01-06,121.120002
AAPL,2009-01-05,121.359994
AAPL,2009-01-02,122.419992
AAPL,2008-12-31,123.819997
AAPL,2008-12-30,123.819997
AAPL,2008-12-29,123.819997
AAPL,2008-12-26,123.819997
AAPL,2008-12-24,123.819997
AAPL,2008-12-23,123.819997
AAPL,2008-12-22,123.819997
AAPL,2008-12-19,123.819997
AAPL,2008-12-18,123.819997
AAPL,2008-12-17,123.819997
AAPL,2008-12-16,123.819997
AAPL,2008-12-15,123.819997
AAPL,2008-12-12,123.819997
AAPL,2008-12-11,123.819997
AAPL,2008-12-10,123.819997
AAPL,2008-12-09,123.819997
AAPL,2008-12-08,123.819997
AAPL,2008-12-05,123.819997
AAPL,2008-12-04,123.819997
AAPL,2008-12-03,123.819997
AAPL,2008-12-02,123.819997
AAPL,2008-12-01,123.819997
AAPL,2008-11-28,123.819997
AAPL,2008-11-26,123.819997
AAPL,2008-11-25,123.819997
AAPL,2008-11-24,123.819997
AAPL,2008-11-21,122.959997
AAPL,2008-11-20,117.959996
AAPL,2008-11-19,117.959996
AAPL,2008-11-18,117.959996
AAPL,2008-11-17,117.959996
AAPL,2008-11-14,117.959996
AAPL,2008-11-13,117.959996
AAPL,2008-11-12,117.959996
AAPL,2008-11-11,117.959996
AAPL,2008-11-10,117.959996
AAPL,2008-11-07,117.959996
AAPL,2008-11-06,117.959996
AAPL,2008-11-05,117.959996
AAPL,2008-11-04,117.959996
AAPL,2008-11-03,117.959996
AAPL,2008-10-31,117.959996
AAPL,2008-10-30,117.959996
AAPL,2008-10-29,117.959996
AAPL,2008-10-28,117.959996
AAPL,2008-10-27,117.959996
AAPL,2008-10-24,117.959996
AAPL,2008-10-23,117.959996
AAPL,2008-10-22,117.959996
AAPL,2008-10-21,117.959996
AAPL,2008-10-20,117.959996
AAPL,2008-10-17,117.959996
AAPL,2008-10-16,117.959996
AAPL,2008-10-15,117.959996
AAPL,2008-10-14,117.959996
AAPL,2008-10-13,117.959996
AAPL,2008-10-10,117.280001
AAPL,2008-10-09,117.280001
AAPL,2008-10-08,115.419998
AAPL,2008-10-07,115.419998
AAPL,2008-10-06,108.310002
AAPL,2008-10-03,102.96
AAPL,2008-10-02,102.37
AAPL,2008-10-01,102.37
AAPL,2008-09-30,102.37
AAPL,2008-09-29,87.52
AAPL,2008-09-26,87.52
AAPL,2008-09-25,87.52
AAPL,2008-09-24,87.52
AAPL,2008-09-23,87.52
AAPL,2008-09-22,87.52
AAPL,2008-09-19,87.52
AAPL,2008-09-18,87.52
AAPL,2008-09-17,87.52
AAPL,2008-09-16,87.52
AAPL,2008-09-15,87.52
AAPL,2008-09-12,87.52
AAPL,2008-09-11,87.52
AAPL,2008-09-10,87.52
AAPL,2008-09-09,87.52
AAPL,2008-09-08,87.52
AAPL,2008-09-05,87.52
AAPL,2008-09-04,87.52
AAPL,2008-09-03,87.52
AAPL,2008-09-02,87.52
AAPL,2008-08-29,87.52
AAPL,2008-08-28,87.52
AAPL,2008-08-27,87.52
AAPL,2008-08-26,87.52
AAPL,2008-08-25,87.52
AAPL,2008-08-22,87.52
AAPL,2008-08-21,87.52
AAPL,2008-08-20,91.340001
AAPL,2008-08-19,91.340001
AAPL,2008-08-18,91.340001
AAPL,2008-08-15,91.340001
AAPL,2008-08-14,91.340001
AAPL,2008-08-13,91.340001
AAPL,2008-08-12,91.340001
AAPL,2008-08-11,91.340001
AAPL,2008-08-08,91.340001
AAPL,2008-08-07,91.340001
AAPL,2008-08-06,91.340001
AAPL,2008-08-05,91.340001
AAPL,2008-08-04,91.340001
AAPL,2008-08-01,91.340001
AAPL,2008-07-31,91.340001
AAPL,2008-07-30,91.340001
AAPL,2008-07-29,91.340001
AAPL,2008-07-28,91.340001
AAPL,2008-07-25,91.340001
AAPL,2008-07-24,91.340001
AAPL,2008-07-23,91.340001
AAPL,2008-07-22,91.340001
AAPL,2008-07-21,91.340001
AAPL,2008-07-18,91.340001
AAPL,2008-07-17,91.340001
AAPL,2008-07-16,91.340001
AAPL,2008-07-15,91.340001
AAPL,2008-07-14,91.340001
AAPL,2008-07-11,91.340001
AAPL,2008-07-10,91.340001
AAPL,2008-07-09,91.340001
AAPL,2008-07-08,91.340001
AAPL,2008-07-07,91.340001
AAPL,2008-07-03,91.340001
AAPL,2008-07-02,91.340001
AAPL,2008-07-01,91.340001
AAPL,2008-06-30,91.340001
AAPL,2008-06-27,91.340001
AAPL,2008-06-26,91.340001
AAPL,2008-06-25,91.340001
AAPL,2008-06-24,91.340001
AAPL,2008-06-23,91.340001
AAPL,2008-06-20,91.340001
AAPL,2008-06-19,91.340001
AAPL,2008-06-18,91.340001
AAPL,2008-06-17,91.340001
AAPL,2008-06-16,91.340001
AAPL,2008-06-13,91.340001
AAPL,2008-06-12,91.340001
AAPL,2008-06-11,91.340001
AAPL,2008-06-10,91.340001
AAPL,2008-06-09,91.340001
AAPL,2008-06-06,91.340001
AAPL,2008-06-05,91.340001
AAPL,2008-06-04,91.340001
AAPL,2008-06-03,91.340001
AAPL,2008-06-02,91.340001
AAPL,2008-05-30,91.459997
AAPL,2008-05-29,92.589996
AAPL,2008-05-28,92.589996
AAPL,2008-05-27,92.589996
AAPL,2008-05-23,92.909997
AAPL,2008-05-22,93.189997
AAPL,2008-05-21,95.809997
AAPL,2008-05-20,99.540002
AAPL,2008-05-19,99.540002
AAPL,2008-05-16,99.540002
AAPL,2008-05-15,99.540002
AAPL,2008-05-14,99.540002
AAPL,2008-05-13,99.540002
AAPL,2008-05-12,99.540002
AAPL,2008-05-09,101.949997
AAPL,2008-05-08,102.460002
AAPL,2008-05-07,102.95
AAPL,2008-05-06,103.489999
AAPL,2008-05-05,104.41
AAPL,2008-05-02,104.41
AAPL,2008-05-01,105.269999
AAPL,2008-04-30,105.269999
AAPL,2008-04-29,109.160002
AAPL,2008-04-28,111.659999
AAPL,2008-04-25,111.659999
AAPL,2008-04-24,112.409996
AAPL,2008-04-23,113.129999
AAPL,2008-04-22,113.359998
AAPL,2008-04-21,113.359998
AAPL,2008-04-18,113.359998
AAPL,2008-04-17,113.359998
AAPL,2008-04-16,113.359998
AAPL,2008-04-15,113.359998
AAPL,2008-04-14,113.359998
AAPL,2008-04-11,113.359998
AAPL,2008-04-10,113.359998
AAPL,2008-04-09,113.359998
AAPL,2008-04-08,113.359998
AAPL,2008-04-07,113.359998
AAPL,2008-04-04,113.359998
AAPL,2008-04-03,113.359998
AAPL,2008-04-02,113.359998
AAPL,2008-04-01,113.359998
AAPL,2008-03-31,113.359998
AAPL,2008-03-28,113.359998
AAPL,2008-03-27,113.359998
AAPL,2008-03-26,113.359998
AAPL,2008-03-25,113.359998
AAPL,2008-03-24,113.369998
AAPL,2008-03-20,113.639997
AAPL,2008-03-19,113.649998
AAPL,2008-03-18,115.039996
AAPL,2008-03-17,115.039996
AAPL,2008-03-14,115.039996
AAPL,2008-03-13,115.560001
AAPL,2008-03-12,115.560001
AAPL,2008-03-11,115.560001
AAPL,2008-03-10,115.560001
AAPL,2008-03-07,117.199999
AAPL,2008-03-06,117.749998
AAPL,2008-03-05,119.209998
AAPL,2008-03-04,119.960002
AAPL,2008-03-03,119.960002
AAPL,2008-02-29,119.960002
AAPL,2008-02-28,119.960002
AAPL,2008-02-27,119.960002
AAPL,2008-02-26,119.960002
AAPL,2008-02-25,119.960002
AAPL,2008-02-22,119.960002
AAPL,2008-02-21,119.960002
AAPL,2008-02-20,119.960002
AAPL,2008-02-19,119.960002
AAPL,2008-02-15,119.960002
AAPL,2008-02-14,119.960002
AAPL,2008-02-13,119.960002
AAPL,2008-02-12,119.960002
AAPL,2008-02-11,120.099998
AAPL,2008-02-08,120.099998
AAPL,2008-02-07,120.099998
AAPL,2008-02-06,120.099998
AAPL,2008-02-05,120.099998
AAPL,2008-02-04,120.099998
AAPL,2008-02-01,120.099998
AAPL,2008-01-31,120.099998
AAPL,2008-01-30,120.099998
AAPL,2008-01-29,120.099998
AAPL,2008-01-28,120.099998
AAPL,2008-01-25,120.099998
AAPL,2008-01-24,120.099998
AAPL,2008-01-23,120.099998
AAPL,2008-01-22,120.099998
AAPL,2008-01-18,120.099998
AAPL,2008-01-17,120.099998
AAPL,2008-01-16,120.099998
AAPL,2008-01-15,120.099998
AAPL,2008-01-14,120.099998
AAPL,2008-01-11,120.099998
AAPL,2008-01-10,120.099998
AAPL,2008-01-09,120.099998
AAPL,2008-01-08,121.06
AAPL,2008-01-07,121.06
AAPL,2008-01-04,123.309998
AAPL,2008-01-03,126.189998
AAPL,2008-01-02,126.189998
AAPL,2007-12-31,126.189998
AAPL,2007-12-28,126.189998
AAPL,2007-12-27,124.189992
AAPL,2007-12-26,122.559995
AAPL,2007-12-24,120.060005
AAPL,2007-12-21,120.060005
AAPL,2007-12-20,120.060005
AAPL,2007-12-19,120.060005
AAPL,2007-12-18,120.060005
AAPL,2007-12-17,120.060005
AAPL,2007-12-14,120.060005
AAPL,2007-12-13,120.060005
AAPL,2007-12-12,120.060005
AAPL,2007-12-11,118.890005
AAPL,2007-12-10,118.220003
AAPL,2007-12-07,115.910003
AAPL,2007-12-06,115.910003
AAPL,2007-12-05,115.910003
AAPL,2007-12-04,115.910003
AAPL,2007-12-03,115.910003
AAPL,2007-11-30,115.910003
AAPL,2007-11-29,115.910003
AAPL,2007-11-28,115.910003
AAPL,2007-11-27,115.910003
AAPL,2007-11-26,115.910003
AAPL,2007-11-23,115.910003
AAPL,2007-11-21,115.910003
AAPL,2007-11-20,115.910003
AAPL,2007-11-19,115.910003
AAPL,2007-11-16,115.910003
AAPL,2007-11-15,115.910003
AAPL,2007-11-14,115.910003
AAPL,2007-11-13,115.910003
AAPL,2007-11-12,115.910003
AAPL,2007-11-09,115.910003
AAPL,2007-11-08,115.910003
AAPL,2007-11-07,115.230001
AAPL,2007-11-06,113.349998
AAPL,2007-11-05,113.349998
AAPL,2007-11-02,113.349998
AAPL,2007-11-01,113.349998
AAPL,2007-10-31,112.599994
AAPL,2007-10-30,111.830003
AAPL,2007-10-29,111.830003
AAPL,2007-10-26,111.830003
AAPL,2007-10-25,111.830003
AAPL,2007-10-24,114.690001
AAPL,2007-10-23,100.989995
AAPL,2007-10-22,100.720002
AAPL,2007-10-19,100.279992
AAPL,2007-10-18,99.439993
AAPL,2007-10-17,99.279996
AAPL,2007-10-16,99.279996
AAPL,2007-10-15,99.279996
AAPL,2007-10-12,99.279996
AAPL,2007-10-11,98.510005
AAPL,2007-10-10,98.510005
AAPL,2007-10-09,95.309999
AAPL,2007-10-08,88.980001
AAPL,2007-10-05,86.579999
AAPL,2007-10-04,86.579999
AAPL,2007-10-03,85.989999
AAPL,2007-10-02,84.809999
AAPL,2007-10-01,82.399997
AAPL,2007-09-28,82.419997
AAPL,2007-09-27,82.419997
AAPL,2007-09-26,80.639996
AAPL,2007-09-25,77.269999
AAPL,2007-09-24,76.340005
AAPL,2007-09-21,76.340005
AAPL,2007-09-20,76.340005
AAPL,2007-09-19,76.620005
AAPL,2007-09-18,77.470004
AAPL,2007-09-17,77.500005
AAPL,2007-09-14,77.500005
AAPL,2007-09-13,78.670005
AAPL,2007-09-12,79.220004
AAPL,2007-09-11,80.370004
AAPL,2007-09-10,81.100007
AAPL,2007-09-07,82.260007
AAPL,2007-09-06,82.260007
AAPL,2007-09-05,83.800002
AAPL,2007-09-04,83.800002
AAPL,2007-08-31,83.800002
AAPL,2007-08-30,83.800002
AAPL,2007-08-29,83.800002
AAPL,2007-08-28,83.800002
AAPL,2007-08-27,83.800002
AAPL,2007-08-24,83.800002
AAPL,2007-08-23,83.800002
AAPL,2007-08-22,83.800002
AAPL,2007-08-21,84.120003
AAPL,2007-08-20,85.320004
AAPL,2007-08-17,86.340007
AAPL,2007-08-16,86.340007
AAPL,2007-08-15,86.340007
AAPL,2007-08-14,86.340007
AAPL,2007-08-13,86.340007
AAPL,2007-08-10,86.340007
AAPL,2007-08-09,86.340007
AAPL,2007-08-08,86.340007
AAPL,2007-08-07,86.340007
AAPL,2007-08-06,86.340007
AAPL,2007-08-03,86.340007
AAPL,2007-08-02,86.340007
AAPL,2007-08-01,87.240001
AAPL,2007-07-31,88.140001
AAPL,2007-07-30,88.490003
AAPL,2007-07-27,88.859991
AAPL,2007-07-26,85.579996
AAPL,2007-07-25,92.859999
AAPL,2007-07-24,93.370001
AAPL,2007-07-23,92.530001
AAPL,2007-07-20,90.650005
AAPL,2007-07-19,89.82
AAPL,2007-07-18,89.82
AAPL,2007-07-17,89.82
AAPL,2007-07-16,87.690004
AAPL,2007-07-13,84.339994
AAPL,2007-07-12,84.339994
AAPL,2007-07-11,84.339994
AAPL,2007-07-10,83.179994
AAPL,2007-07-09,83.179994
AAPL,2007-07-06,82.809999
AAPL,2007-07-05,77.449997
AAPL,2007-07-03,77.449997
AAPL,2007-07-02,77.449997
AAPL,2007-06-29,77.449997
AAPL,2007-06-28,77.449997
AAPL,2007-06-27,77.449997
AAPL,2007-06-26,77.449997
AAPL,2007-06-25,77.449997
AAPL,2007-06-22,77.449997
AAPL,2007-06-21,77.449997
AAPL,2007-06-20,77.449997
AAPL,2007-06-19,77.449997
AAPL,2007-06-18,77.449997
AAPL,2007-06-15,77.449997
AAPL,2007-06-14,77.449997
AAPL,2007-06-13,77.449997
AAPL,2007-06-12,77.449997
AAPL,2007-06-11,77.449997
AAPL,2007-06-08,77.449997
AAPL,2007-06-07,73.889995
AAPL,2007-06-06,72.530004
AAPL,2007-06-05,72.010006
AAPL,2007-06-04,72.010006
AAPL,2007-06-01,72.010006
AAPL,2007-05-31,68.719997
AAPL,2007-05-30,64.840002
AAPL,2007-05-29,64.840002
AAPL,2007-05-25,64.840002
AAPL,2007-05-24,64.840002
AAPL,2007-05-23,63.59
AAPL,2007-05-22,62.289997
AAPL,2007-05-21,60.480002
AAPL,2007-05-18,60.039999
AAPL,2007-05-17,60.039999
AAPL,2007-05-16,60.039999
AAPL,2007-05-15,59.840001
AAPL,2007-05-14,58.970001
AAPL,2007-05-11,58.680001
AAPL,2007-05-10,56.799998
AAPL,2007-05-09,54.989997
AAPL,2007-05-08,54.189998
AAPL,2007-05-07,52.340003
AAPL,2007-05-04,52.340003
AAPL,2007-05-03,52.340003
AAPL,2007-05-02,52.340003
AAPL,2007-05-01,52.340003
AAPL,2007-04-30,52.340003
AAPL,2007-04-27,52.340003
AAPL,2007-04-26,47.640002
AAPL,2007-04-25,47.640002
AAPL,2007-04-24,47.640002
AAPL,2007-04-23,47.640002
AAPL,2007-04-20,47.640002
AAPL,2007-04-19,47.640002
AAPL,2007-04-18,47.640002
AAPL,2007-04-17,47.640002
AAPL,2007-04-16,47.640002
AAPL,2007-04-13,47.640002
AAPL,2007-04-12,47.640002
AAPL,2007-04-11,47.640002
AAPL,2007-04-10,47.640002
AAPL,2007-04-09,47.640002
AAPL,2007-04-05,47.640002
AAPL,2007-04-04,47.640002
AAPL,2007-04-03,47.640002
AAPL,2007-04-02,47.640002
AAPL,2007-03-30,47.640002
AAPL,2007-03-29,47.640002
AAPL,2007-03-28,47.640002
AAPL,2007-03-27,47.640002
AAPL,2007-03-26,47.640002
AAPL,2007-03-23,47.640002
AAPL,2007-03-22,47.640002
AAPL,2007-03-21,47.640002
AAPL,2007-03-20,47.640002
AAPL,2007-03-19,47.640002
AAPL,2007-03-16,47.640002
AAPL,2007-03-15,47.640002
AAPL,2007-03-14,47.640002
AAPL,2007-03-13,47.640002
AAPL,2007-03-12,47.640002
AAPL,2007-03-09,47.640002
AAPL,2007-03-08,47.640002
AAPL,2007-03-07,47.640002
AAPL,2007-03-06,47.640002
AAPL,2007-03-05,47.640002
AAPL,2007-03-02,47.640002
AAPL,2007-03-01,47.640002
AAPL,2007-02-28,47.640002
AAPL,2007-02-27,47.640002
AAPL,2007-02-26,47.640002
AAPL,2007-02-23,47.640002
AAPL,2007-02-22,47.640002
AAPL,2007-02-21,47.640002
AAPL,2007-02-20,47.640002
AAPL,2007-02-16,47.640002
AAPL,2007-02-15,47.640002
AAPL,2007-02-14,47.640002
AAPL,2007-02-13,47.640002
AAPL,2007-02-12,47.640002
AAPL,2007-02-09,47.640002
AAPL,2007-02-08,47.640002
AAPL,2007-02-07,47.640002
AAPL,2007-02-06,47.640002
AAPL,2007-02-05,47.640002
AAPL,2007-02-02,47.640002
AAPL,2007-02-01,47.640002
AAPL,2007-01-31,47.640002
AAPL,2007-01-30,47.640002
AAPL,2007-01-29,47.640002
AAPL,2007-01-26,47.640002
AAPL,2007-01-25,47.640002
AAPL,2007-01-24,47.640002
AAPL,2007-01-23,47.640002
AAPL,2007-01-22,47.640002
AAPL,2007-01-19,47.640002
AAPL,2007-01-18,47.640002
AAPL,2007-01-17,47.640002
AAPL,2007-01-16,47.640002
AAPL,2007-01-12,47.640002
AAPL,2007-01-11,47.640002
AAPL,2007-01-10,43.000003
AAPL,2007-01-09,43.000003
AAPL,2007-01-08,43.000003
AAPL,2007-01-05,43.000003
AAPL,2007-01-04,43.000003
AAPL,2007-01-03,43.000003
AAPL,2006-12-29,43.000003
AAPL,2006-12-28,43.000003
AAPL,2006-12-27,43.000003
AAPL,2006-12-26,43.000003
AAPL,2006-12-22,43.000003
AAPL,2006-12-21,43.000003
AAPL,2006-12-20,43.000003
AAPL,2006-12-19,43.000003
AAPL,2006-12-18,43.000003
AAPL,2006-12-15,43.000003
AAPL,2006-12-14,43.000003
AAPL,2006-12-13,43.000003
AAPL,2006-12-12,43.000003
AAPL,2006-12-11,43.000003
AAPL,2006-12-08,43.000003
AAPL,2006-12-07,43.000003
AAPL,2006-12-06,43.000003
AAPL,2006-12-05,43.000003
AAPL,2006-12-04,43.000003
AAPL,2006-12-01,43.000003
AAPL,2006-11-30,43.000003
AAPL,2006-11-29,43.000003
AAPL,2006-11-28,43.000003
AAPL,2006-11-27,42.920001
AAPL,2006-11-24,40.590001
AAPL,2006-11-22,38.439998
AAPL,2006-11-21,36.840002
AAPL,2006-11-20,36.240002
AAPL,2006-11-17,36.240002
AAPL,2006-11-16,36.240002
AAPL,2006-11-15,36.240002
AAPL,2006-11-14,36.240002
AAPL,2006-11-13,36.240002
AAPL,2006-11-10,36.240002
AAPL,2006-11-09,36.240002
AAPL,2006-11-08,36.240002
AAPL,2006-11-07,36.240002
AAPL,2006-11-06,36.240002
AAPL,2006-11-03,36.240002
AAPL,2006-11-02,36.240002
AAPL,2006-11-01,36.240002
AAPL,2006-10-31,36.240002
AAPL,2006-10-30,36.240002
AAPL,2006-10-27,36.240002
AAPL,2006-10-26,36.240002
AAPL,2006-10-25,36.240002
AAPL,2006-10-24,36.240002
AAPL,2006-10-23,36.240002
AAPL,2006-10-20,36.240002
AAPL,2006-10-19,36.240002
AAPL,2006-10-18,37.130002
AAPL,2006-10-17,38.530001
AAPL,2006-10-16,38.530001
AAPL,2006-10-13,38.530001
AAPL,2006-10-12,38.530001
AAPL,2006-10-11,38.530001
AAPL,2006-10-10,38.530001
AAPL,2006-10-09,38.530001
AAPL,2006-10-06,38.530001
AAPL,2006-10-05,38.530001
AAPL,2006-10-04,38.530001
AAPL,2006-10-03,38.530001
AAPL,2006-10-02,38.530001
AAPL,2006-09-29,38.530001
AAPL,2006-09-28,38.530001
AAPL,2006-09-27,38.530001
AAPL,2006-09-26,38.530001
AAPL,2006-09-25,38.530001
AAPL,2006-09-22,38.530001
AAPL,2006-09-21,38.530001
AAPL,2006-09-20,38.530001
AAPL,2006-09-19,38.530001
AAPL,2006-09-18,38.530001
AAPL,2006-09-15,38.530001
AAPL,2006-09-14,38.530001
AAPL,2006-09-13,38.530001
AAPL,2006-09-12,38.530001
AAPL,2006-09-11,39.850001
AAPL,2006-09-08,40.280001
AAPL,2006-09-07,40.310002
AAPL,2006-09-06,40.310002
AAPL,2006-09-05,40.480002
AAPL,2006-09-01,41.140001
AAPL,2006-08-31,41.140001
AAPL,2006-08-30,41.140001
AAPL,2006-08-29,41.140001
AAPL,2006-08-28,41.140001
AAPL,2006-08-25,41.140001
AAPL,2006-08-24,41.140001
AAPL,2006-08-23,41.140001
AAPL,2006-08-22,41.140001
AAPL,2006-08-21,41.140001
AAPL,2006-08-18,41.140001
AAPL,2006-08-17,43.040001
AAPL,2006-08-16,43.150003
AAPL,2006-08-15,43.150003
AAPL,2006-08-14,43.490001
AAPL,2006-08-11,43.790001
AAPL,2006-08-10,44.380002
AAPL,2006-08-09,44.380002
AAPL,2006-08-08,44.380002
AAPL,2006-08-07,44.380002
AAPL,2006-08-04,44.380002
AAPL,2006-08-03,44.380002
AAPL,2006-08-02,44.380002
AAPL,2006-08-01,44.380002
AAPL,2006-07-31,44.380002
AAPL,2006-07-28,44.380002
AAPL,2006-07-27,44.380002
AAPL,2006-07-26,44.380002
AAPL,2006-07-25,44.380002
AAPL,2006-07-24,45.330003
AAPL,2006-07-21,45.330003
AAPL,2006-07-20,45.940001
AAPL,2006-07-19,46.170002
AAPL,2006-07-18,48.500002
AAPL,2006-07-17,48.500002
AAPL,2006-07-14,48.620002
AAPL,2006-07-13,48.930002
AAPL,2006-07-12,49.600001
AAPL,2006-07-11,49.600001
AAPL,2006-07-10,49.900001
AAPL,2006-07-07,50.110003
AAPL,2006-07-06,50.110003
AAPL,2006-07-05,50.280003
AAPL,2006-07-03,50.280003
AAPL,2006-06-30,50.280003
AAPL,2006-06-29,50.280003
AAPL,2006-06-28,50.280003
AAPL,2006-06-27,50.280003
AAPL,2006-06-26,50.280003
AAPL,2006-06-23,50.280003
AAPL,2006-06-22,50.280003
AAPL,2006-06-21,50.280003
AAPL,2006-06-20,50.280003
AAPL,2006-06-19,50.650002
AAPL,2006-06-16,50.650002
AAPL,2006-06-15,50.880003
AAPL,2006-06-14,50.880003
AAPL,2006-06-13,50.880003
AAPL,2006-06-12,50.880003
AAPL,2006-06-09,50.880003
AAPL,2006-06-08,50.880003
AAPL,2006-06-07,50.880003
AAPL,2006-06-06,50.880003
AAPL,2006-06-05,50.880003
AAPL,2006-06-02,50.880003
AAPL,2006-06-01,50.880003
AAPL,2006-05-31,50.880003
AAPL,2006-05-30,50.880003
AAPL,2006-05-26,50.880003
AAPL,2006-05-25,50.880003
AAPL,2006-05-24,50.880003
AAPL,2006-05-23,51.410002
AAPL,2006-05-22,51.860003
AAPL,2006-05-19,51.870003
AAPL,2006-05-18,52.330003
AAPL,2006-05-17,52.400002
AAPL,2006-05-16,53.290002
AAPL,2006-05-15,53.290002
AAPL,2006-05-12,53.290002
AAPL,2006-05-11,53.290002
AAPL,2006-05-10,53.290002
AAPL,2006-05-09,53.290002
AAPL,2006-05-08,53.290002
AAPL,2006-05-05,53.290002
AAPL,2006-05-04,53.290002
AAPL,2006-05-03,53.290002
AAPL,2006-05-02,53.290002
AAPL,2006-05-01,53.290002
AAPL,2006-04-28,53.290002
AAPL,2006-04-27,53.290002
AAPL,2006-04-26,53.290002
AAPL,2006-04-25,53.290002
AAPL,2006-04-24,53.290002
AAPL,2006-04-21,53.290002
AAPL,2006-04-20,53.290002
AAPL,2006-04-19,53.290002
AAPL,2006-04-18,53.290002
AAPL,2006-04-17,53.290002
AAPL,2006-04-13,53.290002
AAPL,2006-04-12,53.290002
AAPL,2006-04-11,53.290002
AAPL,2006-04-10,53.290002
AAPL,2006-04-07,53.290002
AAPL,2006-04-06,53.290002
AAPL,2006-04-05,53.290002
AAPL,2006-04-04,53.290002
AAPL,2006-04-03,53.290002
AAPL,2006-03-31,53.290002
AAPL,2006-03-30,53.290002
AAPL,2006-03-29,53.290002
AAPL,2006-03-28,53.290002
AAPL,2006-03-27,53.290002
AAPL,2006-03-24,53.290002
AAPL,2006-03-23,53.290002
AAPL,2006-03-22,53.290002
AAPL,2006-03-21,53.290002
AAPL,2006-03-20,53.290002
AAPL,2006-03-17,53.290002
AAPL,2006-03-16,53.290002
AAPL,2006-03-15,53.290002
AAPL,2006-03-14,53.290002
AAPL,2006-03-13,53.290002
AAPL,2006-03-10,53.290002
AAPL,2006-03-09,53.290002
AAPL,2006-03-08,53.290002
AAPL,2006-03-07,53.290002
AAPL,2006-03-06,53.290002
AAPL,2006-03-03,53.290002
AAPL,2006-03-02,56.800002
AAPL,2006-03-01,56.800002
AAPL,2006-02-28,56.800002
AAPL,2006-02-27,56.800002
AAPL,2006-02-24,56.800002
AAPL,2006-02-23,57.769997
AAPL,2006-02-22,57.769997
AAPL,2006-02-21,57.769997
AAPL,2006-02-17,57.769997
AAPL,2006-02-16,57.769997
AAPL,2006-02-15,57.769997
AAPL,2006-02-14,57.769997
AAPL,2006-02-13,57.769997
AAPL,2006-02-10,57.769997
AAPL,2006-02-09,57.769997
AAPL,2006-02-08,57.769997
AAPL,2006-02-07,57.769997
AAPL,2006-02-06,57.769997
AAPL,2006-02-03,57.769997
AAPL,2006-02-02,57.769997
AAPL,2006-02-01,57.769997
AAPL,2006-01-31,57.769997
AAPL,2006-01-30,57.769997
AAPL,2006-01-27,57.769997
AAPL,2006-01-26,57.769997
AAPL,2006-01-25,57.769997
AAPL,2006-01-24,57.769997
AAPL,2006-01-23,57.769997
AAPL,2006-01-20,57.769997
AAPL,2006-01-19,57.769997
AAPL,2006-01-18,57.769997
AAPL,2006-01-17,57.769997
AAPL,2006-01-13,57.769997
AAPL,2006-01-12,57.769997
AAPL,2006-01-11,57.769997
AAPL,2006-01-10,57.769997
AAPL,2006-01-09,57.769997
AAPL,2006-01-06,57.769997
AAPL,2006-01-05,57.769997
AAPL,2006-01-04,57.769997
AAPL,2006-01-03,57.769997
AAPL,2005-12-30,57.769997
AAPL,2005-12-29,57.769997
AAPL,2005-12-28,57.769997
AAPL,2005-12-27,57.769997
AAPL,2005-12-23,57.769997
AAPL,2005-12-22,57.769997
AAPL,2005-12-21,57.769997
AAPL,2005-12-20,57.769997
AAPL,2005-12-19,57.769997
AAPL,2005-12-16,57.769997
AAPL,2005-12-15,57.769997
AAPL,2005-12-14,57.769997
AAPL,2005-12-13,57.769997
AAPL,2005-12-12,57.769997
AAPL,2005-12-09,57.769997
AAPL,2005-12-08,57.769997
AAPL,2005-12-07,57.769997
AAPL,2005-12-06,57.769997
AAPL,2005-12-05,57.769997
AAPL,2005-12-02,57.769997
AAPL,2005-12-01,57.769997
AAPL,2005-11-30,57.769997
AAPL,2005-11-29,57.769997
AAPL,2005-11-28,57.769997
AAPL,2005-11-25,57.769997
AAPL,2005-11-23,57.769997
AAPL,2005-11-22,57.769997
AAPL,2005-11-21,57.769997
AAPL,2005-11-18,57.769997
AAPL,2005-11-17,57.769997
AAPL,2005-11-16,57.769997
AAPL,2005-11-15,57.769997
AAPL,2005-11-14,57.769997
AAPL,2005-11-11,57.769997
AAPL,2005-11-10,57.769997
AAPL,2005-11-09,57.769997
AAPL,2005-11-08,57.769997
AAPL,2005-11-07,57.769997
AAPL,2005-11-04,57.769997
AAPL,2005-11-03,57.769997
AAPL,2005-11-02,57.769997
AAPL,2005-11-01,57.769997
AAPL,2005-10-31,57.769997
AAPL,2005-10-28,57.769997
AAPL,2005-10-27,57.769997
AAPL,2005-10-26,57.769997
AAPL,2005-10-25,57.769997
AAPL,2005-10-24,57.769997
AAPL,2005-10-21,57.769997
AAPL,2005-10-20,57.769997
AAPL,2005-10-19,57.769997
AAPL,2005-10-18,57.769997
AAPL,2005-10-17,57.769997
AAPL,2005-10-14,57.769997
AAPL,2005-10-13,57.769997
AAPL,2005-10-12,57.769997
AAPL,2005-10-11,57.769997
AAPL,2005-10-10,57.769997
AAPL,2005-10-07,57.769997
AAPL,2005-10-06,57.769997
AAPL,2005-10-05,57.769997
AAPL,2005-10-04,57.769997
AAPL,2005-10-03,57.769997
AAPL,2005-09-30,57.769997
AAPL,2005-09-29,57.769997
AAPL,2005-09-28,57.769997
AAPL,2005-09-27,57.769997
AAPL,2005-09-26,57.769997
AAPL,2005-09-23,57.769997
AAPL,2005-09-22,57.769997
AAPL,2005-09-21,57.769997
AAPL,2005-09-20,57.769997
AAPL,2005-09-19,57.769997
AAPL,2005-09-16,57.769997
AAPL,2005-09-15,57.769997
AAPL,2005-09-14,57.769997
AAPL,2005-09-13,57.769997
AAPL,2005-09-12,57.769997
AAPL,2005-09-09,57.769997
AAPL,2005-09-08,57.769997
AAPL,2005-09-07,57.769997
AAPL,2005-09-06,57.769997
AAPL,2005-09-02,57.769997
AAPL,2005-09-01,57.769997
AAPL,2005-08-31,57.769997
AAPL,2005-08-30,58.139999
AAPL,2005-08-29,59.149998
AAPL,2005-08-26,59.689997
AAPL,2005-08-25,60.279998
AAPL,2005-08-24,60.389997
AAPL,2005-08-23,60.519996
AAPL,2005-08-22,60.519996
AAPL,2005-08-19,60.529997
AAPL,2005-08-18,60.529997
AAPL,2005-08-17,60.529997
AAPL,2005-08-16,60.599998
AAPL,2005-08-15,60.619995
AAPL,2005-08-12,60.619995
AAPL,2005-08-11,61.069996
AAPL,2005-08-10,61.179998
AAPL,2005-08-09,61.179998
AAPL,2005-08-08,61.179998
AAPL,2005-08-05,61.179998
AAPL,2005-08-04,61.179998
AAPL,2005-08-03,61.179998
AAPL,2005-08-02,61.179998
AAPL,2005-08-01,61.179998
AAPL,2005-07-29,61.179998
AAPL,2005-07-28,61.179998
AAPL,2005-07-27,61.179998
AAPL,2005-07-26,61.179998
AAPL,2005-07-25,61.179998
AAPL,2005-07-22,61.179998
AAPL,2005-07-21,61.179998
AAPL,2005-07-20,61.179998
AAPL,2005-07-19,61.179998
AAPL,2005-07-18,62.139997
AAPL,2005-07-15,62.139997
AAPL,2005-07-14,62.139997
AAPL,2005-07-13,62.139997
AAPL,2005-07-12,62.139997
AAPL,2005-07-11,62.139997
AAPL,2005-07-08,62.139997
AAPL,2005-07-07,62.139997
AAPL,2005-07-06,62.139997
AAPL,2005-07-05,62.139997
AAPL,2005-07-01,62.139997
AAPL,2005-06-30,62.139997
AAPL,2005-06-29,62.139997
AAPL,2005-06-28,62.139997
AAPL,2005-06-27,62.139997
AAPL,2005-06-24,62.139997
AAPL,2005-06-23,62.139997
AAPL,2005-06-22,62.139997
AAPL,2005-06-21,62.139997
AAPL,2005-06-20,62.139997
AAPL,2005-06-17,62.139997
AAPL,2005-06-16,62.139997
AAPL,2005-06-15,62.139997
AAPL,2005-06-14,62.139997
AAPL,2005-06-13,62.139997
AAPL,2005-06-10,62.139997
AAPL,2005-06-09,62.369995
AAPL,2005-06-08,62.589997
AAPL,2005-06-07,63.079997
AAPL,2005-06-06,63.269998
AAPL,2005-06-03,63.269998
AAPL,2005-06-02,63.269998
AAPL,2005-06-01,63.269998
AAPL,2005-05-31,63.589997
AAPL,2005-05-27,63.769997
AAPL,2005-05-26,64.149998
AAPL,2005-05-25,64.409997
AAPL,2005-05-24,64.459996
AAPL,2005-05-23,64.459996
AAPL,2005-05-20,64.519998
AAPL,2005-05-19,64.519998
AAPL,2005-05-18,64.519998
AAPL,2005-05-17,64.639997
AAPL,2005-05-16,64.639997
AAPL,2005-05-13,64.939997
AAPL,2005-05-12,64.939997
AAPL,2005-05-11,64.979997
AAPL,2005-05-10,64.979997
AAPL,2005-05-09,65.379997
AAPL,2005-05-06,65.379997
AAPL,2005-05-05,65.389998
AAPL,2005-05-04,65.389998
AAPL,2005-05-03,65.389998
AAPL,2005-05-02,65.389998
AAPL,2005-04-29,65.389998
AAPL,2005-04-28,65.389998
AAPL,2005-04-27,65.389998
AAPL,2005-04-26,65.389998
AAPL,2005-04-25,65.389998
AAPL,2005-04-22,65.389998
AAPL,2005-04-21,65.389998
AAPL,2005-04-20,65.389998
AAPL,2005-04-19,65.389998
AAPL,2005-04-18,65.389998
AAPL,2005-04-15,65.389998
AAPL,2005-04-14,65.389998
AAPL,2005-04-13,65.389998
AAPL,2005-04-12,65.389998
AAPL,2005-04-11,65.389998
AAPL,2005-04-08,65.389998
AAPL,2005-04-07,65.389998
AAPL,2005-04-06,65.389998
AAPL,2005-04-05,65.389998
AAPL,2005-04-04,65.389998
AAPL,2005-04-01,65.389998
AAPL,2005-03-31,65.389998
AAPL,2005-03-30,65.609998
AAPL,2005-03-29,65.659997
AAPL,2005-03-28,65.659997
AAPL,2005-03-24,65.659997
AAPL,2005-03-23,65.659997
AAPL,2005-03-22,65.659997
AAPL,2005-03-21,65.659997
AAPL,2005-03-18,65.659997
AAPL,2005-03-17,65.659997
AAPL,2005-03-16,65.659997
AAPL,2005-03-15,65.659997
AAPL,2005-03-14,65.659997
AAPL,2005-03-11,65.659997
AAPL,2005-03-10,65.979996
AAPL,2005-03-09,66.969997
AAPL,2005-03-08,67.279998
AAPL,2005-03-07,67.279998
AAPL,2005-03-04,67.279998
AAPL,2005-03-03,67.929997
AAPL,2005-03-02,68.079998
AAPL,2005-03-01,68.669998
AAPL,2005-02-28,68.879997
AAPL,2005-02-25,68.989997
AAPL,2005-02-24,68.989997
AAPL,2005-02-23,68.989997
AAPL,2005-02-22,68.989997
AAPL,2005-02-18,68.989997
AAPL,2005-02-17,68.310002
AAPL,2005-02-16,67.190003
AAPL,2005-02-15,62.899998
AAPL,2005-02-14,60.100001
AAPL,2005-02-11,60.100001
AAPL,2005-02-10,60.100001
AAPL,2005-02-09,59.57
AAPL,2005-02-08,58.210001
AAPL,2005-02-07,58.210001
AAPL,2005-02-04,58.210001
AAPL,2005-02-03,58.210001
AAPL,2005-02-02,56.190001
AAPL,2005-02-01,56.190001
AAPL,2005-01-31,52.720002
AAPL,2005-01-28,52.720002
AAPL,2005-01-27,52.720002
AAPL,2005-01-26,52.720002
AAPL,2005-01-25,52.720002
AAPL,2005-01-24,52.720002
AAPL,2005-01-21,52.720002
AAPL,2005-01-20,52.720002
AAPL,2005-01-19,52.720002
AAPL,2005-01-18,52.720002
AAPL,2005-01-14,52.720002
AAPL,2005-01-13,49.000004
AAPL,2005-01-12,49.000004
AAPL,2005-01-11,49.000004
AAPL,2005-01-10,47.929999
AAPL,2005-01-07,48.149997
AAPL,2005-01-06,48.389996
AAPL,2005-01-05,48.389996
AAPL,2005-01-04,48.419997
AAPL,2005-01-03,48.709997
AAPL,2004-12-31,49.229997
AAPL,2004-12-30,49.919996
AAPL,2004-12-29,49.969997
AAPL,2004-12-28,50.319997
AAPL,2004-12-27,50.319997
AAPL,2004-12-23,50.319997
AAPL,2004-12-22,50.319997
AAPL,2004-12-21,50.319997
AAPL,2004-12-20,50.319997
AAPL,2004-12-17,50.319997
AAPL,2004-12-16,50.319997
AAPL,2004-12-15,50.319997
AAPL,2004-12-14,50.319997
AAPL,2004-12-13,50.319997
AAPL,2004-12-10,50.319997
AAPL,2004-12-09,50.319997
AAPL,2004-12-08,50.319997
AAPL,2004-12-07,50.319997
AAPL,2004-12-06,50.319997
AAPL,2004-12-03,50.319997
AAPL,2004-12-02,50.319997
AAPL,2004-12-01,50.319997
AAPL,2004-11-30,50.319997
AAPL,2004-11-29,46.510003
AAPL,2004-11-26,45.949997
AAPL,2004-11-24,44.750003
AAPL,2004-11-23,44.750003
AAPL,2004-11-22,37.660001
AAPL,2004-11-19,36.860003
AAPL,2004-11-18,36.860003
AAPL,2004-11-17,36.860003
AAPL,2004-11-16,36.860003
AAPL,2004-11-15,36.860003
AAPL,2004-11-12,36.860003
AAPL,2004-11-11,36.860003
AAPL,2004-11-10,36.860003
AAPL,2004-11-09,36.860003
AAPL,2004-11-08,36.860003
AAPL,2004-11-05,36.860003
AAPL,2004-11-04,36.860003
AAPL,2004-11-03,34.829999
AAPL,2004-11-02,34.010001
AAPL,2004-11-01,33.949999
AAPL,2004-10-29,32.97
AAPL,2004-10-28,31.37
AAPL,2004-10-27,29.099998
AAPL,2004-10-26,29.099998
AAPL,2004-10-25,29.099998
AAPL,2004-10-22,29.099998
AAPL,2004-10-21,29.099998
AAPL,2004-10-20,29.099998
AAPL,2004-10-19,28.500001
AAPL,2004-10-18,26.499999
AAPL,2004-10-15,26.499999
AAPL,2004-10-14,21.679999
AAPL,2004-10-13,21.679999
AAPL,2004-10-12,21.679999
AAPL,2004-10-11,21.679999
AAPL,2004-10-08,21.679999
AAPL,2004-10-07,21.510002
AAPL,2004-10-06,20.42
AAPL,2004-10-05,20.020001
AAPL,2004-10-04,20.020001
AAPL,2004-10-01,20.020001
AAPL,2004-09-30,19.619998
AAPL,2004-09-29,19.619998
AAPL,2004-09-28,19.619998
AAPL,2004-09-27,19.619998
AAPL,2004-09-24,19.619998
AAPL,2004-09-23,19.619998
AAPL,2004-09-22,19.619998
AAPL,2004-09-21,18.730001
AAPL,2004-09-20,18.130001
AAPL,2004-09-17,17.51
AAPL,2004-09-16,17.319999
AAPL,2004-09-15,17.319999
AAPL,2004-09-14,17.319999
AAPL,2004-09-13,17.319999
AAPL,2004-09-10,17.319999
AAPL,2004-09-09,17.319999
AAPL,2004-09-08,16.940001
AAPL,2004-09-07,16.739999
AAPL,2004-09-03,16.739999
AAPL,2004-09-02,16.739999
AAPL,2004-09-01,15.930001
AAPL,2004-08-31,15.930001
AAPL,2004-08-30,15.930001
AAPL,2004-08-27,15.930001
AAPL,2004-08-26,14.940001
AAPL,2004-08-25,14.940001
AAPL,2004-08-24,14.940001
AAPL,2004-08-23,14.940001
AAPL,2004-08-20,14.940001
AAPL,2004-08-19,14.940001
AAPL,2004-08-18,14.940001
AAPL,2004-08-17,14.940001
AAPL,2004-08-16,14.940001
AAPL,2004-08-13,14.940001
AAPL,2004-08-12,14.940001
AAPL,2004-08-11,14.940001
AAPL,2004-08-10,14.940001
AAPL,2004-08-09,14.940001
AAPL,2004-08-06,14.940001
AAPL,2004-08-05,14.940001
AAPL,2004-08-04,14.940001
AAPL,2004-08-03,14.940001
AAPL,2004-08-02,14.940001
AAPL,2004-07-30,14.940001
AAPL,2004-07-29,14.940001
AAPL,2004-07-28,14.940001
AAPL,2004-07-27,14.940001
AAPL,2004-07-26,14.940001
AAPL,2004-07-23,14.940001
AAPL,2004-07-22,14.940001
AAPL,2004-07-21,14.940001
AAPL,2004-07-20,14.940001
AAPL,2004-07-19,14.940001
AAPL,2004-07-16,14.940001
AAPL,2004-07-15,14.940001
AAPL,2004-07-14,14.940001
AAPL,2004-07-13,14.940001
AAPL,2004-07-12,15.06
AAPL,2004-07-09,15.210001
AAPL,2004-07-08,15.210001
AAPL,2004-07-07,15.680001
AAPL,2004-07-06,15.680001
AAPL,2004-07-02,15.71
AAPL,2004-07-01,15.71
AAPL,2004-06-30,15.71
AAPL,2004-06-29,15.71
AAPL,2004-06-28,15.349999
AAPL,2004-06-25,15.349999
AAPL,2004-06-24,15.349999
AAPL,2004-06-23,15.189999
AAPL,2004-06-22,15.509999
AAPL,2004-06-21,15.959999
AAPL,2004-06-18,16.190002
AAPL,2004-06-17,16.190002
AAPL,2004-06-16,14.329999
AAPL,2004-06-15,14.220001
AAPL,2004-06-14,14.340001
AAPL,2004-06-10,14.079999
AAPL,2004-06-09,13.809999
AAPL,2004-06-08,13.349999
AAPL,2004-06-07,12.949999
AAPL,2004-06-04,12.949999
AAPL,2004-06-03,12.949999
AAPL,2004-06-02,12.949999
AAPL,2004-06-01,12.949999
AAPL,2004-05-28,12.949999
AAPL,2004-05-27,12.949999
AAPL,2004-05-26,12.949999
AAPL,2004-05-25,12.949999
AAPL,2004-05-24,12.949999
AAPL,2004-05-21,12.949999
AAPL,2004-05-20,12.949999
AAPL,2004-05-19,12.949999
AAPL,2004-05-18,12.949999
AAPL,2004-05-17,12.949999
AAPL,2004-05-14,12.949999
AAPL,2004-05-13,12.949999
AAPL,2004-05-12,12.949999
AAPL,2004-05-11,12.949999
AAPL,2004-05-10,13.479999
AAPL,2004-05-07,14.829999
AAPL,2004-05-06,15.24
AAPL,2004-05-05,15.579999
AAPL,2004-05-04,15.729999
AAPL,2004-05-03,15.999999
AAPL,2004-04-30,16.149999
AAPL,2004-04-29,16.349999
AAPL,2004-04-28,16.579999
AAPL,2004-04-27,16.579999
AAPL,2004-04-26,16.579999
AAPL,2004-04-23,16.599999
AAPL,2004-04-22,16.859999
AAPL,2004-04-21,16.859999
AAPL,2004-04-20,16.859999
AAPL,2004-04-19,16.859999
AAPL,2004-04-16,16.859999
AAPL,2004-04-15,15.649998
AAPL,2004-04-14,15.649998
AAPL,2004-04-13,15.649998
AAPL,2004-04-12,15.649998
AAPL,2004-04-08,15.649998
AAPL,2004-04-07,15.649998
AAPL,2004-04-06,15.649998
AAPL,2004-04-05,15.42
AAPL,2004-04-02,15.42
AAPL,2004-04-01,15.42
AAPL,2004-03-31,15.42
AAPL,2004-03-30,15.42
AAPL,2004-03-29,15.42
AAPL,2004-03-26,15.42
AAPL,2004-03-25,15.42
AAPL,2004-03-24,15.42
AAPL,2004-03-23,15.42
AAPL,2004-03-22,15.42
AAPL,2004-03-19,15.42
AAPL,2004-03-18,15.42
AAPL,2004-03-17,15.42
AAPL,2004-03-16,15.42
AAPL,2004-03-15,15.42
AAPL,2004-03-12,15.42
AAPL,2004-03-11,15.42
AAPL,2004-03-10,14.77
AAPL,2004-03-09,14.77
AAPL,2004-03-08,14.77
AAPL,2004-03-05,12.5
AAPL,2004-03-04,12.29
AAPL,2004-03-03,12.29
AAPL,2004-03-02,12.29
AAPL,2004-03-01,12.29
AAPL,2004-02-27,12.29
AAPL,2004-02-26,12.29
AAPL,2004-02-25,12.29
AAPL,2004-02-24,12.29
AAPL,2004-02-23,12.29
AAPL,2004-02-20,12.29
AAPL,2004-02-19,12.29
AAPL,2004-02-18,12.29
AAPL,2004-02-17,12.29
AAPL,2004-02-13,12.29
AAPL,2004-02-12,12.29
AAPL,2004-02-11,12.29
AAPL,2004-02-10,12.29
AAPL,2004-02-09,12.29
AAPL,2004-02-06,12.29
AAPL,2004-02-05,12.29
AAPL,2004-02-04,12.29
AAPL,2004-02-03,12.29
AAPL,2004-02-02,12.29
AAPL,2004-01-30,12.29
AAPL,2004-01-29,12.29
AAPL,2004-01-28,12.29
AAPL,2004-01-27,12.29
AAPL,2004-01-26,12.29
AAPL,2004-01-23,12.29
AAPL,2004-01-22,12.29
AAPL,2004-01-21,12.29
AAPL,2004-01-20,12.29
AAPL,2004-01-16,12.29
AAPL,2004-01-15,12.29
AAPL,2004-01-14,12.29
AAPL,2004-01-13,12.29
AAPL,2004-01-12,12.29
AAPL,2004-01-09,12.29
AAPL,2004-01-08,12.29
AAPL,2004-01-07,12.29
AAPL,2004-01-06,12.29
AAPL,2004-01-05,12.29
AAPL,2004-01-02,12.29
AAPL,2003-12-31,12.29
AAPL,2003-12-30,12.29
AAPL,2003-12-29,12.29
AAPL,2003-12-26,12.29
AAPL,2003-12-24,12.29
AAPL,2003-12-23,12.29
AAPL,2003-12-22,12.29
AAPL,2003-12-19,12.29
AAPL,2003-12-18,12.29
AAPL,2003-12-17,12.29
AAPL,2003-12-16,12.29
AAPL,2003-12-15,12.29
AAPL,2003-12-12,12.29
AAPL,2003-12-11,12.29
AAPL,2003-12-10,12.29
AAPL,2003-12-09,12.29
AAPL,2003-12-08,12.29
AAPL,2003-12-05,12.29
AAPL,2003-12-04,12.29
AAPL,2003-12-03,12.29
AAPL,2003-12-02,12.29
AAPL,2003-12-01,12.29
AAPL,2003-11-28,12.29
AAPL,2003-11-26,12.29
AAPL,2003-11-25,12.29
AAPL,2003-11-24,12.29
AAPL,2003-11-21,12.29
AAPL,2003-11-20,12.29
AAPL,2003-11-19,12.29
AAPL,2003-11-18,12.29
AAPL,2003-11-17,12.29
AAPL,2003-11-14,12.29
AAPL,2003-11-13,12.29
AAPL,2003-11-12,12.29
AAPL,2003-11-11,12.29
AAPL,2003-11-10,12.29
AAPL,2003-11-07,12.29
AAPL,2003-11-06,12.29
AAPL,2003-11-05,12.29
AAPL,2003-11-04,12.29
AAPL,2003-11-03,12.29
AAPL,2003-10-31,12.29
AAPL,2003-10-30,12.29
AAPL,2003-10-29,12.29
AAPL,2003-10-28,12.29
AAPL,2003-10-27,12.29
AAPL,2003-10-24,12.29
AAPL,2003-10-23,12.29
AAPL,2003-10-22,12.29
AAPL,2003-10-21,12.29
AAPL,2003-10-20,12.29
AAPL,2003-10-17,12.29
AAPL,2003-10-16,12.29
AAPL,2003-10-15,12.02
AAPL,2003-10-14,11.69
AAPL,2003-10-13,11.089999
AAPL,2003-10-10,10.949999
AAPL,2003-10-09,10.82
AAPL,2003-10-08,10.69
AAPL,2003-10-07,10.6
AAPL,2003-10-06,10.6
AAPL,2003-10-03,10.6
AAPL,2003-10-02,10.6
AAPL,2003-10-01,10.6
AAPL,2003-09-30,10.6
AAPL,2003-09-29,10.6
AAPL,2003-09-26,10.6
AAPL,2003-09-25,10.6
AAPL,2003-09-24,10.6
AAPL,2003-09-23,10.6
AAPL,2003-09-22,10.6
AAPL,2003-09-19,10.6
AAPL,2003-09-18,10.6
AAPL,2003-09-17,10.6
AAPL,2003-09-16,10.6
AAPL,2003-09-15,10.6
AAPL,2003-09-12,10.6
AAPL,2003-09-11,10.6
AAPL,2003-09-10,10.6
AAPL,2003-09-09,10.6
AAPL,2003-09-08,10.6
AAPL,2003-09-05,10.6
AAPL,2003-09-04,10.6
AAPL,2003-09-03,10.18
AAPL,2003-09-02,10.130001
AAPL,2003-08-29,9.5
AAPL,2003-08-28,9.28
AAPL,2003-08-27,9.28
AAPL,2003-08-26,9.28
AAPL,2003-08-25,9.28
AAPL,2003-08-22,8.99
AAPL,2003-08-21,8.85
AAPL,2003-08-20,8.85
AAPL,2003-08-19,8.85
AAPL,2003-08-18,8.85
AAPL,2003-08-15,8.85
AAPL,2003-08-14,8.85
AAPL,2003-08-13,8.85
AAPL,2003-08-12,8.85
AAPL,2003-08-11,8.85
AAPL,2003-08-08,8.85
AAPL,2003-08-07,8.85
AAPL,2003-08-06,8.85
AAPL,2003-08-05,8.85
AAPL,2003-08-04,8.85
AAPL,2003-08-01,8.85
AAPL,2003-07-31,8.85
AAPL,2003-07-30,8.85
AAPL,2003-07-29,8.85
AAPL,2003-07-28,8.85
AAPL,2003-07-25,8.78
AAPL,2003-07-24,8.460001
AAPL,2003-07-23,8.460001
AAPL,2003-07-22,8.460001
AAPL,2003-07-21,8.460001
AAPL,2003-07-18,8.230001
AAPL,2003-07-17,7.78
AAPL,2003-07-16,7.78
AAPL,2003-07-15,7.78
AAPL,2003-07-14,7.78
AAPL,2003-07-11,7.78
AAPL,2003-07-10,7.78
AAPL,2003-07-09,7.78
AAPL,2003-07-08,7.46
AAPL,2003-07-07,6.97
AAPL,2003-07-03,6.97
AAPL,2003-07-02,6.97
AAPL,2003-07-01,6.97
AAPL,2003-06-30,6.97
AAPL,2003-06-27,6.97
AAPL,2003-06-26,6.97
AAPL,2003-06-25,6.97
AAPL,2003-06-24,6.97
AAPL,2003-06-23,7.870001
AAPL,2003-06-20,7.91
AAPL,2003-06-19,7.91
AAPL,2003-06-18,7.91
AAPL,2003-06-17,8.029999
AAPL,2003-06-16,8.979999
AAPL,2003-06-13,9.119999
AAPL,2003-06-12,9.22
AAPL,2003-06-11,10.509999
AAPL,2003-06-10,10.509999
AAPL,2003-06-09,10.509999
AAPL,2003-06-06,10.729999
AAPL,2003-06-05,11.529999
AAPL,2003-06-04,11.660001
AAPL,2003-06-03,11.72
AAPL,2003-06-02,11.72
AAPL,2003-05-30,12.27
AAPL,2003-05-29,12.52
AAPL,2003-05-28,12.52
AAPL,2003-05-27,12.52
AAPL,2003-05-23,12.52
AAPL,2003-05-22,13.059999
AAPL,2003-05-21,13.059999
AAPL,2003-05-20,13.26
AAPL,2003-05-19,13.26
AAPL,2003-05-16,13.26
AAPL,2003-05-15,13.26
AAPL,2003-05-14,13.26
AAPL,2003-05-13,13.26
AAPL,2003-05-12,13.26
AAPL,2003-05-09,13.26
AAPL,2003-05-08,13.26
AAPL,2003-05-07,13.26
AAPL,2003-05-06,13.26
AAPL,2003-05-05,13.26
AAPL,2003-05-02,13.26
AAPL,2003-05-01,13.26
AAPL,2003-04-30,13.26
AAPL,2003-04-29,13.26
AAPL,2003-04-28,13.26
AAPL,2003-04-25,13.26
AAPL,2003-04-24,13.26
AAPL,2003-04-23,13.26
AAPL,2003-04-22,13.45
AAPL,2003-04-21,13.45
AAPL,2003-04-17,13.25
AAPL,2003-04-16,13.24
AAPL,2003-04-15,13.24
AAPL,2003-04-14,13.24
AAPL,2003-04-11,12.81
AAPL,2003-04-10,12.81
AAPL,2003-04-09,12.81
AAPL,2003-04-08,12.81
AAPL,2003-04-07,12.81
AAPL,2003-04-04,12.81
AAPL,2003-04-03,12.81
AAPL,2003-04-02,12.81
AAPL,2003-04-01,12.81
AAPL,2003-03-31,12.81
AAPL,2003-03-28,12.81
AAPL,2003-03-27,12.81
AAPL,2003-03-26,12.81
AAPL,2003-03-25,12.81
AAPL,2003-03-24,12.81
AAPL,2003-03-21,12.81
AAPL,2003-03-20,12.81
AAPL,2003-03-19,12.81
AAPL,2003-03-18,12.81
AAPL,2003-03-17,12.81
AAPL,2003-03-14,12.81
AAPL,2003-03-13,12.81
AAPL,2003-03-12,12.81
AAPL,2003-03-11,12.81
AAPL,2003-03-10,12.81
AAPL,2003-03-07,12.81
AAPL,2003-03-06,12.81
AAPL,2003-03-05,12.81
AAPL,2003-03-04,12.81
AAPL,2003-03-03,12.81
AAPL,2003-02-28,12.81
AAPL,2003-02-27,12.81
AAPL,2003-02-26,12.81
AAPL,2003-02-25,12.81
AAPL,2003-02-24,12.81
AAPL,2003-02-21,12.81
AAPL,2003-02-20,12.81
AAPL,2003-02-19,12.81
AAPL,2003-02-18,12.81
AAPL,2003-02-14,12.81
AAPL,2003-02-13,12.81
AAPL,2003-02-12,12.81
AAPL,2003-02-11,12.81
AAPL,2003-02-10,12.81
AAPL,2003-02-07,12.81
AAPL,2003-02-06,12.81
AAPL,2003-02-05,12.81
AAPL,2003-02-04,12.81
AAPL,2003-02-03,12.81
AAPL,2003-01-31,12.81
AAPL,2003-01-30,12.81
AAPL,2003-01-29,12.81
AAPL,2003-01-28,12.81
AAPL,2003-01-27,12.81
AAPL,2003-01-24,12.81
AAPL,2003-01-23,12.81
AAPL,2003-01-22,12.81
AAPL,2003-01-21,12.81
AAPL,2003-01-17,12.81
AAPL,2003-01-16,12.81
AAPL,2003-01-15,12.81
AAPL,2003-01-14,12.81
AAPL,2003-01-13,12.81
AAPL,2003-01-10,12.81
AAPL,2003-01-09,12.81
AAPL,2003-01-08,12.81
AAPL,2003-01-07,12.81
AAPL,2003-01-06,12.81
AAPL,2003-01-03,12.81
AAPL,2003-01-02,12.81
AAPL,2002-12-31,12.81
AAPL,2002-12-30,12.81
AAPL,2002-12-27,12.81
AAPL,2002-12-26,12.81
AAPL,2002-12-24,12.81
AAPL,2002-12-23,12.81
AAPL,2002-12-20,12.81
AAPL,2002-12-19,12.81
AAPL,2002-12-18,12.81
AAPL,2002-12-17,12.81
AAPL,2002-12-16,12.81
AAPL,2002-12-13,12.81
AAPL,2002-12-12,12.81
AAPL,2002-12-11,12.81
AAPL,2002-12-10,12.81
AAPL,2002-12-09,12.81
AAPL,2002-12-06,12.81
AAPL,2002-12-05,12.81
AAPL,2002-12-04,12.81
AAPL,2002-12-03,12.81
AAPL,2002-12-02,12.81
AAPL,2002-11-29,12.81
AAPL,2002-11-27,12.81
AAPL,2002-11-26,12.81
AAPL,2002-11-25,12.81
AAPL,2002-11-22,12.81
AAPL,2002-11-21,12.81
AAPL,2002-11-20,12.81
AAPL,2002-11-19,12.81
AAPL,2002-11-18,12.81
AAPL,2002-11-15,12.81
AAPL,2002-11-14,12.81
AAPL,2002-11-13,12.81
AAPL,2002-11-12,12.81
AAPL,2002-11-11,12.81
AAPL,2002-11-08,12.81
AAPL,2002-11-07,12.81
AAPL,2002-11-06,12.81
AAPL,2002-11-05,12.81
AAPL,2002-11-04,12.81
AAPL,2002-11-01,12.81
AAPL,2002-10-31,12.81
AAPL,2002-10-30,12.81
AAPL,2002-10-29,12.81
AAPL,2002-10-28,12.81
AAPL,2002-10-25,12.81
AAPL,2002-10-24,12.81
AAPL,2002-10-23,12.81
AAPL,2002-10-22,12.81
AAPL,2002-10-21,12.81
AAPL,2002-10-18,12.81
AAPL,2002-10-17,12.81
AAPL,2002-10-16,12.81
AAPL,2002-10-15,12.81
AAPL,2002-10-14,12.81
AAPL,2002-10-11,12.81
AAPL,2002-10-10,12.81
AAPL,2002-10-09,12.81
AAPL,2002-10-08,12.41
AAPL,2002-10-07,12.37
AAPL,2002-10-04,12.37
AAPL,2002-10-03,12.37
AAPL,2002-10-02,12.37
AAPL,2002-10-01,12.37
AAPL,2002-09-30,12.37
AAPL,2002-09-27,12.37
AAPL,2002-09-26,12.37
AAPL,2002-09-25,12.37
AAPL,2002-09-24,12.37
AAPL,2002-09-23,12.37
AAPL,2002-09-20,12.37
AAPL,2002-09-19,12.37
AAPL,2002-09-18,12.37
AAPL,2002-09-17,12.37
AAPL,2002-09-16,12.37
AAPL,2002-09-13,12.37
AAPL,2002-09-12,12.37
AAPL,2002-09-11,12.37
AAPL,2002-09-10,12.37
AAPL,2002-09-09,12.37
AAPL,2002-09-06,12.37
AAPL,2002-09-05,12.37
AAPL,2002-09-04,12.37
AAPL,2002-09-03,12.37
AAPL,2002-08-30,12.37
AAPL,2002-08-29,12.37
AAPL,2002-08-28,12.37
AAPL,2002-08-27,12.37
AAPL,2002-08-26,12.37
AAPL,2002-08-23,12.37
AAPL,2002-08-22,12.37
AAPL,2002-08-21,12.37
AAPL,2002-08-20,12.37
AAPL,2002-08-19,12.37
AAPL,2002-08-16,12.37
AAPL,2002-08-15,12.37
AAPL,2002-08-14,12.37
AAPL,2002-08-13,12.37
AAPL,2002-08-12,12.37
AAPL,2002-08-09,12.37
AAPL,2002-08-08,12.37
AAPL,2002-08-07,12.37
AAPL,2002-08-06,12.37
AAPL,2002-08-05,12.37
AAPL,2002-08-02,12.37
AAPL,2002-08-01,12.37
AAPL,2002-07-31,12.37
AAPL,2002-07-30,12.37
AAPL,2002-07-29,12.37
AAPL,2002-07-26,12.16
AAPL,2002-07-25,11.919999
AAPL,2002-07-24,11.73
AAPL,2002-07-23,11.64
AAPL,2002-07-22,11.64
AAPL,2002-07-19,11.489999
AAPL,2002-07-18,11.489999
AAPL,2002-07-17,11.489999
AAPL,2002-07-16,11.489999
AAPL,2002-07-15,11.489999
AAPL,2002-07-12,11.489999
AAPL,2002-07-11,11.489999
AAPL,2002-07-10,11.489999
AAPL,2002-07-09,11.489999
AAPL,2002-07-08,11.489999
AAPL,2002-07-05,11.489999
AAPL,2002-07-03,11.489999
AAPL,2002-07-02,11.489999
AAPL,2002-07-01,11.489999
AAPL,2002-06-28,11.489999
AAPL,2002-06-27,11.489999
AAPL,2002-06-26,11.489999
AAPL,2002-06-25,11.489999
AAPL,2002-06-24,11.489999
AAPL,2002-06-21,11.489999
AAPL,2002-06-20,11.489999
AAPL,2002-06-19,11.489999
AAPL,2002-06-18,11.489999
AAPL,2002-06-17,11.489999
AAPL,2002-06-14,11.489999
AAPL,2002-06-13,11.489999
AAPL,2002-06-12,11.489999
AAPL,2002-06-11,11.489999
AAPL,2002-06-10,11.489999
AAPL,2002-06-07,11.489999
AAPL,2002-06-06,11.489999
AAPL,2002-06-05,11.489999
AAPL,2002-06-04,11.489999
AAPL,2002-06-03,11.489999
AAPL,2002-05-31,11.489999
AAPL,2002-05-30,11.489999
AAPL,2002-05-29,11.489999
AAPL,2002-05-28,11.489999
AAPL,2002-05-24,11.489999
AAPL,2002-05-23,11.489999
AAPL,2002-05-22,11.489999
AAPL,2002-05-21,11.489999
AAPL,2002-05-20,11.489999
AAPL,2002-05-17,11.489999
AAPL,2002-05-16,11.489999
AAPL,2002-05-15,11.489999
AAPL,2002-05-14,11.569999
AAPL,2002-05-13,12.019999
AAPL,2002-05-10,12.019999
AAPL,2002-05-09,12.439999
AAPL,2002-05-08,12.439999
AAPL,2002-05-07,12.439999
AAPL,2002-05-06,12.439999
AAPL,2002-05-03,12.439999
AAPL,2002-05-02,12.439999
AAPL,2002-05-01,12.439999
AAPL,2002-04-30,12.439999
AAPL,2002-04-29,12.439999
AAPL,2002-04-26,12.439999
AAPL,2002-04-25,12.439999
AAPL,2002-04-24,12.439999
AAPL,2002-04-23,12.439999
AAPL,2002-04-22,12.439999
AAPL,2002-04-19,12.439999
AAPL,2002-04-18,12.439999
AAPL,2002-04-17,12.439999
AAPL,2002-04-16,12.439999
AAPL,2002-04-15,12.439999
AAPL,2002-04-12,12.439999
AAPL,2002-04-11,12.439999
AAPL,2002-04-10,12.439999
AAPL,2002-04-09,12.439999
AAPL,2002-04-08,12.439999
AAPL,2002-04-05,12.439999
AAPL,2002-04-04,12.439999
AAPL,2002-04-03,12.439999
AAPL,2002-04-02,12.439999
AAPL,2002-04-01,12.439999
AAPL,2002-03-28,12.439999
AAPL,2002-03-27,12.439999
AAPL,2002-03-26,12.439999
AAPL,2002-03-25,12.439999
AAPL,2002-03-22,12.439999
AAPL,2002-03-21,12.439999
AAPL,2002-03-20,12.439999
AAPL,2002-03-19,12.439999
AAPL,2002-03-18,12.439999
AAPL,2002-03-15,12.439999
AAPL,2002-03-14,12.439999
AAPL,2002-03-13,12.439999
AAPL,2002-03-12,12.439999
AAPL,2002-03-11,12.439999
AAPL,2002-03-08,12.439999
AAPL,2002-03-07,12.439999
AAPL,2002-03-06,12.439999
AAPL,2002-03-05,12.439999
AAPL,2002-03-04,12.439999
AAPL,2002-03-01,12.439999
AAPL,2002-02-28,12.439999
AAPL,2002-02-27,12.439999
AAPL,2002-02-26,12.439999
AAPL,2002-02-25,12.439999
AAPL,2002-02-22,12.439999
AAPL,2002-02-21,12.439999
AAPL,2002-02-20,12.439999
AAPL,2002-02-19,12.439999
AAPL,2002-02-15,12.439999
AAPL,2002-02-14,12.439999
AAPL,2002-02-13,12.439999
AAPL,2002-02-12,12.439999
AAPL,2002-02-11,12.439999
AAPL,2002-02-08,12.439999
AAPL,2002-02-07,12.439999
AAPL,2002-02-06,12.439999
AAPL,2002-02-05,12.439999
AAPL,2002-02-04,12.439999
AAPL,2002-02-01,12.439999
AAPL,2002-01-31,12.439999
AAPL,2002-01-30,12.439999
AAPL,2002-01-29,12.439999
AAPL,2002-01-28,12.439999
AAPL,2002-01-25,12.439999
AAPL,2002-01-24,12.439999
AAPL,2002-01-23,12.439999
AAPL,2002-01-22,12.439999
AAPL,2002-01-18,12.439999
AAPL,2002-01-17,12.439999
AAPL,2002-01-16,12.439999
AAPL,2002-01-15,12.439999
AAPL,2002-01-14,12.6825
AAPL,2002-01-11,12.6825
AAPL,2002-01-10,12.6825
AAPL,2002-01-09,12.8075
AAPL,2002-01-08,12.932501
AAPL,2002-01-07,12.932501
AAPL,2002-01-04,12.995
AAPL,2002-01-03,13.245
AAPL,2002-01-02,13.495
AAPL,2001-12-31,13.495
AAPL,2001-12-28,13.495
AAPL,2001-12-27,13.495
AAPL,2001-12-26,13.495
AAPL,2001-12-24,13.495
AAPL,2001-12-21,13.495
AAPL,2001-12-20,13.495
AAPL,2001-12-19,13.495
AAPL,2001-12-18,13.495
AAPL,2001-12-17,13.495
AAPL,2001-12-14,13.495
AAPL,2001-12-13,13.495
AAPL,2001-12-12,13.495
AAPL,2001-12-11,13.495
AAPL,2001-12-10,13.495
AAPL,2001-12-07,13.495
AAPL,2001-12-06,13.495
AAPL,2001-12-05,13.495
AAPL,2001-12-04,13.495
AAPL,2001-12-03,13.495
AAPL,2001-11-30,13.495
AAPL,2001-11-29,13.495
AAPL,2001-11-28,13.495
AAPL,2001-11-27,13.495
AAPL,2001-11-26,13.495
AAPL,2001-11-23,13.495
AAPL,2001-11-21,13.495
AAPL,2001-11-20,13.495
AAPL,2001-11-19,13.495
AAPL,2001-11-16,13.495
AAPL,2001-11-15,13.495
AAPL,2001-11-14,13.495
AAPL,2001-11-13,13.495
AAPL,2001-11-12,13.495
AAPL,2001-11-09,13.495
AAPL,2001-11-08,13.495
AAPL,2001-11-07,13.495
AAPL,2001-11-06,13.495
AAPL,2001-11-05,13.495
AAPL,2001-11-02,13.495
AAPL,2001-11-01,13.495
AAPL,2001-10-31,13.495
AAPL,2001-10-30,13.495
AAPL,2001-10-29,13.495
AAPL,2001-10-26,13.495
AAPL,2001-10-25,13.495
AAPL,2001-10-24,13.495
AAPL,2001-10-23,13.495
AAPL,2001-10-22,13.495
AAPL,2001-10-19,13.495
AAPL,2001-10-18,13.495
AAPL,2001-10-17,13.495
AAPL,2001-10-16,13.495
AAPL,2001-10-15,13.495
AAPL,2001-10-12,13.495
AAPL,2001-10-11,13.495
AAPL,2001-10-10,15.375
AAPL,2001-10-09,40.1875
AAPL,2001-10-08,40.1875
AAPL,2001-10-05,41.125001
AAPL,2001-10-04,41.874999
AAPL,2001-10-03,41.874999
AAPL,2001-10-02,46.000003
AAPL,2001-10-01,47.812501
AAPL,2001-09-28,47.812501
AAPL,2001-09-27,47.812501
AAPL,2001-09-26,47.812501
AAPL,2001-09-25,47.812501
AAPL,2001-09-24,47.812501
AAPL,2001-09-21,47.812501
AAPL,2001-09-20,47.812501
AAPL,2001-09-19,48.000002
AAPL,2001-09-18,48.9375
AAPL,2001-09-17,48.9375
AAPL,2001-09-10,50.499999
AAPL,2001-09-07,50.499999
AAPL,2001-09-06,50.499999
AAPL,2001-09-05,50.499999
AAPL,2001-09-04,50.499999
AAPL,2001-08-31,50.499999
AAPL,2001-08-30,50.499999
AAPL,2001-08-29,50.499999
AAPL,2001-08-28,50.499999
AAPL,2001-08-27,50.499999
AAPL,2001-08-24,50.499999
AAPL,2001-08-23,50.499999
AAPL,2001-08-22,50.499999
AAPL,2001-08-21,50.499999
AAPL,2001-08-20,50.499999
AAPL,2001-08-17,50.499999
AAPL,2001-08-16,50.499999
AAPL,2001-08-15,50.499999
AAPL,2001-08-14,50.499999
AAPL,2001-08-13,50.499999
AAPL,2001-08-10,50.499999
AAPL,2001-08-09,50.499999
AAPL,2001-08-08,50.499999
AAPL,2001-08-07,50.499999
AAPL,2001-08-06,50.499999
AAPL,2001-08-03,50.499999
AAPL,2001-08-02,50.499999
AAPL,2001-08-01,50.499999
AAPL,2001-07-31,50.499999
AAPL,2001-07-30,50.499999
AAPL,2001-07-27,50.499999
AAPL,2001-07-26,50.499999
AAPL,2001-07-25,50.499999
AAPL,2001-07-24,50.499999
AAPL,2001-07-23,50.499999
AAPL,2001-07-20,50.499999
AAPL,2001-07-19,50.499999
AAPL,2001-07-18,50.499999
AAPL,2001-07-17,50.499999
AAPL,2001-07-16,50.499999
AAPL,2001-07-13,50.499999
AAPL,2001-07-12,50.499999
AAPL,2001-07-11,50.499999
AAPL,2001-07-10,50.499999
AAPL,2001-07-09,50.499999
AAPL,2001-07-06,50.499999
AAPL,2001-07-05,50.499999
AAPL,2001-07-03,50.499999
AAPL,2001-07-02,50.499999
AAPL,2001-06-29,50.499999
AAPL,2001-06-28,50.499999
AAPL,2001-06-27,50.499999
AAPL,2001-06-26,50.499999
AAPL,2001-06-25,90.312499
AAPL,2001-06-22,90.312499
AAPL,2001-06-21,90.312499
AAPL,2001-06-20,90.312499
AAPL,2001-06-19,90.312499
AAPL,2001-06-18,90.312499
AAPL,2001-06-15,90.312499
AAPL,2001-06-14,90.312499
AAPL,2001-06-13,90.312499
AAPL,2001-06-12,90.312499
AAPL,2001-06-11,90.312499
AAPL,2001-06-08,90.312499
AAPL,2001-06-07,90.312499
AAPL,2001-06-06,90.312499
AAPL,2001-06-05,90.312499
AAPL,2001-06-04,90.312499
AAPL,2001-06-01,90.312499
AAPL,2001-05-31,90.312499
AAPL,2001-05-30,90.312499
AAPL,2001-05-29,90.312499
AAPL,2001-05-25,90.312499
AAPL,2001-05-24,90.312499
AAPL,2001-05-23,91.312502
AAPL,2001-05-22,91.312502
AAPL,2001-05-21,95.437503
AAPL,2001-05-18,95.437503
AAPL,2001-05-17,96.874999
